{
  "$schema": "https://raw.githubusercontent.com/grafana/grafana/master/docs/sources/developers/plugins/plugin.schema.json",
  "type": "datasource",
  "name": "Grafana cardinality adapter",
  "id": "grafana-cardinality-datasource",
  "metrics": true,
  "info": {
    "description": "An adapter for accessing cardinality data on metrics data sources",
    "author": {
      "name": "Grafana Labs",
      "url": "https://grafana.com"
    },
    "keywords": [""],
    "logos": {
      "small": "cardinality.svg",
      "large": "cardinality.svg"
    },
    "version": "%VERSION%",
    "updated": "%TODAY%"
  }
}
