{
  "annotations": {
    "list": []
  },
  "editable": false,
  "gnetId": null,
  "graphTooltip": 0,
  "links": [],
  "panels": [
    {
      "_id": "metric-tips",
      "datasource": null,
      "gridPos": {
        "h": 6,
        "w": 8,
        "x": 0,
        "y": 0
      },
      "id": 28,
      "options": {
        "content": "#### If you have metrics with a high number of series\n- Could you drop some labels on that metric to reduce its [cardinality](https://grafana.com/blog/2022/02/15/what-are-cardinality-spikes-and-why-do-they-matter/)? \n- Could you [find unused metrics](https://grafana.com/docs/grafana-cloud/metrics-control-usage/control-prometheus-metrics-usage/usage-analysis-mimirtool/) and [drop entire metrics](https://grafana.com/docs/grafana-cloud/metrics-control-usage/control-prometheus-metrics-usage/usage-reduction/)? \n- Could you replace a large number of underlying series with a single rolled up value?",
        "mode": "markdown"
      },
      "pluginVersion": "8.0.6",
      "title": "💡Tips",
      "type": "text"
    },
    {
      "datasource": "${cardinality}",
      "description": "The total number of metrics in the selected data source. Prometheus uses the reserved label \"\\_\\_name\\_\\_\" to store a metric’s name. This means that the total metric count is equivalent to the number of values associated with the label key \"\\_\\_name\\_\\_.\"”",
      "fieldConfig": {
        "defaults": {
          "color": {
            "fixedColor": "super-light-blue",
            "mode": "fixed"
          },
          "mappings": [],
          "thresholds": {
            "mode": "absolute",
            "steps": []
          }
        },
        "overrides": []
      },
      "gridPos": {
        "h": 3,
        "w": 6,
        "x": 8,
        "y": 0
      },
      "id": 4,
      "options": {
        "colorMode": "background",
        "graphMode": "area",
        "justifyMode": "auto",
        "orientation": "auto",
        "reduceOptions": {
          "calcs": ["lastNotNull"],
          "fields": "",
          "values": false
        },
        "text": {},
        "textMode": "auto"
      },
      "pluginVersion": "8.0.6",
      "targets": [
        {
          "cardinalityType": "metrics",
          "refId": "A",
          "resultType": "total",
          "targetDatasource": "${datasource}",
          "refreshQueryWhenFilterChanges": "${filter}"
        }
      ],
      "title": "Total metrics",
      "type": "stat"
    },
    {
      "datasource": null,
      "gridPos": {
        "h": 6,
        "w": 6,
        "x": 14,
        "y": 0
      },
      "id": 29,
      "options": {
        "content": "#### If you have labels with a high number of unique values\n- Could you drop this label entirely?\n- Could you decrease its number of values?\n- If you still need the information in this label, could you store it in a log file? ",
        "mode": "markdown"
      },
      "pluginVersion": "8.0.6",
      "title": "💡Tips ",
      "type": "text"
    },
    {
      "datasource": "${cardinality}",
      "description": "Labels are key<>value pairs. “Total label names” is the count of unique label keys in the selected data source. For example, if your system had “key1=valueA”, “key1=valueB”, “key2=valueC,” “key3=valueD”, you would have 3 label names in your system: “key1”, “key2,” and “key3.”",
      "fieldConfig": {
        "defaults": {
          "color": {
            "fixedColor": "super-light-blue",
            "mode": "fixed"
          },
          "mappings": [],
          "thresholds": {
            "mode": "absolute",
            "steps": []
          }
        },
        "overrides": [
          {
            "matcher": {
              "id": "byName",
              "options": "Metric"
            },
            "properties": [
              {
                "id": "links",
                "value": [
                  {
                    "title": "View detailed cardinality dashboard for metric: ${__data.fields.Metric}",
                    "url": "d/cardinality-management-metrics-detail/?var-metric=${__data.fields.Metric}&${datasource:queryparam}&${filter:queryparam}"
                  }
                ]
              }
            ]
          }
        ]
      },
      "gridPos": {
        "h": 3,
        "w": 4,
        "x": 20,
        "y": 0
      },
      "id": 2,
      "options": {
        "colorMode": "background",
        "graphMode": "area",
        "justifyMode": "auto",
        "orientation": "auto",
        "reduceOptions": {
          "calcs": ["lastNotNull"],
          "fields": "",
          "values": false
        },
        "text": {},
        "textMode": "auto"
      },
      "pluginVersion": "8.0.6",
      "targets": [
        {
          "cardinalityType": "labels",
          "refId": "A",
          "resultType": "total",
          "targetDatasource": "${datasource}",
          "refreshQueryWhenFilterChanges": "${filter}"
        }
      ],
      "title": "Total label names",
      "type": "stat"
    },
    {
      "datasource": "${cardinality}",
      "description": "The total number of active time series in the selected data source. A time series is a unique combination of a metric name and key-value label pairs. For example, “events_total{env=dev}” and “events_total{env=prod}” are two distinct time series, both of which belong to the same parent metric, “events_total.”",
      "fieldConfig": {
        "defaults": {
          "color": {
            "fixedColor": "super-light-blue",
            "mode": "fixed"
          },
          "mappings": [],
          "thresholds": {
            "mode": "absolute",
            "steps": []
          }
        },
        "overrides": []
      },
      "gridPos": {
        "h": 3,
        "w": 6,
        "x": 8,
        "y": 3
      },
      "id": 3,
      "options": {
        "colorMode": "background",
        "graphMode": "area",
        "justifyMode": "auto",
        "orientation": "auto",
        "reduceOptions": {
          "calcs": ["lastNotNull"],
          "fields": "",
          "values": false
        },
        "text": {},
        "textMode": "auto"
      },
      "pluginVersion": "8.0.6",
      "targets": [
        {
          "cardinalityType": "series",
          "refId": "A",
          "resultType": "total",
          "targetDatasource": "${datasource}",
          "refreshQueryWhenFilterChanges": "${filter}"
        }
      ],
      "title": "Total series",
      "type": "stat"
    },
    {
      "datasource": "${cardinality}",
      "description": "Labels are key<>value pairs. “Total unique label value pairs” is the count of unique labels in the selected data source. The word “unique” emphasizes that if the same label (e.g., “env=dev”) is applied to every time series in your system, it would still only increase your count of “total unique label values pairs” by one. ",
      "fieldConfig": {
        "defaults": {
          "color": {
            "fixedColor": "super-light-blue",
            "mode": "fixed"
          },
          "mappings": [],
          "thresholds": {
            "mode": "absolute",
            "steps": []
          }
        },
        "overrides": []
      },
      "gridPos": {
        "h": 3,
        "w": 4,
        "x": 20,
        "y": 3
      },
      "id": 5,
      "options": {
        "colorMode": "background",
        "graphMode": "area",
        "justifyMode": "auto",
        "orientation": "auto",
        "reduceOptions": {
          "calcs": ["lastNotNull"],
          "fields": "",
          "values": false
        },
        "text": {},
        "textMode": "auto"
      },
      "pluginVersion": "8.0.6",
      "targets": [
        {
          "cardinalityType": "pairs",
          "refId": "A",
          "resultType": "total",
          "targetDatasource": "${datasource}",
          "refreshQueryWhenFilterChanges": "${filter}"
        }
      ],
      "title": "Total unique label value pairs",
      "type": "stat"
    },
    {
      "_id": "highest-cardinality-metrics-table",
      "datasource": "${cardinality}",
      "description": "This table returns a list of the highest cardinality metrics in the selected data source. The cardinality of a metric is the number of time series associated with that metric, where each time series is defined as a unique combination of key-value label pairs. \n\nWhen looking to reduce the number of active series in your data source, you can start by inspecting individual metrics with high cardinality (i.e. that have lots of active time series associated with them), since that single metric contributes a large fraction of the series that make up your total series count. ",
      "fieldConfig": {
        "defaults": {
          "color": {
            "mode": "thresholds"
          },
          "custom": {
            "align": "auto",
            "displayMode": "auto"
          },
          "mappings": [],
          "thresholds": {
            "mode": "absolute",
            "steps": []
          }
        },
        "overrides": [
          {
            "matcher": {
              "id": "byName",
              "options": "Metric"
            },
            "properties": [
              {
                "id": "links",
                "value": [
                  {
                    "title": "View detailed cardinality dashboard for metric: ${__data.fields.Metric}",
                    "url": "d/cardinality-management-metrics-detail/?var-metric=${__data.fields.Metric}&${datasource:queryparam}&${filter:queryparam}"
                  }
                ]
              }
            ]
          },
          {
            "matcher": {
              "id": "byName",
              "options": "Number of series"
            },
            "properties": [
              {
                "id": "custom.width",
                "value": 124
              },
              {
                "id": "displayName",
                "value": "No. of series"
              }
            ]
          },
          {
            "matcher": {
              "id": "byName",
              "options": "Percentage of total series"
            },
            "properties": [
              {
                "id": "custom.width",
                "value": 128
              },
              {
                "id": "displayName",
                "value": "% of total"
              }
            ]
          },
          {
            "matcher": {
              "id": "byName",
              "options": "used"
            },
            "properties": [
              {
                "id": "custom.width",
                "value": 75
              },
              {
                "id": "mappings",
                "value": [
                  {
                    "options": {
                      "false": {
                        "index": 0,
                        "text": "unused"
                      },
                      "true": {
                        "index": 1,
                        "text": "used"
                      }
                    },
                    "type": "value"
                  }
                ]
              },
              {
                "id": "custom.cellOptions",
                "value": {
                  "type": "auto"
                }
              },
              {
                "id": "custom.align",
                "value": "center"
              }
            ]
          }
        ]
      },
      "gridPos": {
        "h": 17,
        "w": 14,
        "x": 0,
        "y": 6
      },
      "id": 7,
      "options": {
        "footer": {
          "enablePagination": true,
          "fields": "",
          "reducer": ["sum"],
          "show": false
        },
        "showHeader": true,
        "sortBy": []
      },
      "pluginVersion": "8.0.6",
      "targets": [
        {
          "cardinalityType": "metrics",
          "limit": "100",
          "refId": "A",
          "resultType": "top",
          "targetDatasource": "${datasource}",
          "refreshQueryWhenFilterChanges": "${filter}"
        }
      ],
      "title": "Highest cardinality metrics",
      "transformations": [
        {
          "id": "sortBy",
          "options": {
            "fields": {},
            "sort": [
              {
                "desc": true,
                "field": "Number of series"
              }
            ]
          }
        },
        {
          "id": "renameByRegex",
          "options": {
            "regex": "(Used)",
            "renamePattern": "Usage"
          }
        }
      ],
      "type": "table"
    },
    {
      "datasource": "${cardinality}",
      "description": "This table returns a list of the label keys with the highest number of values. \n\nUse this table to identify labels that are storing dimensions with high cardinality (many different label values), such as user IDs, email addresses, or other unbounded sets of values.\n\nWe advise being careful in choosing labels such that they have a finite set of values, since every unique combination of key-value label pairs creates a new time series and therefore can dramatically increase the number of time series in your system. ",
      "fieldConfig": {
        "defaults": {
          "color": {
            "mode": "thresholds"
          },
          "custom": {
            "align": "auto",
            "displayMode": "auto"
          },
          "mappings": [],
          "thresholds": {
            "mode": "absolute",
            "steps": []
          }
        },
        "overrides": [
          {
            "matcher": {
              "id": "byName",
              "options": "Label"
            },
            "properties": [
              {
                "id": "links",
                "value": [
                  {
                    "title": "View detailed cardinality dashboard for label: ${__data.fields.Label}",
                    "url": "d/cardinality-management-label-detail/?var-label=${__data.fields.Label}&${datasource:queryparam}&${filter:queryparam}"
                  }
                ]
              }
            ]
          },
          {
            "matcher": {
              "id": "byName",
              "options": "Number of unique values"
            },
            "properties": [
              {
                "id": "custom.width",
                "value": 156
              },
              {
                "id": "displayName",
                "value": "No. of unique values"
              }
            ]
          },
          {
            "matcher": {
              "id": "byName",
              "options": "Percentage of total unique values"
            },
            "properties": [
              {
                "id": "custom.width",
                "value": 128
              },
              {
                "id": "displayName",
                "value": "% of total"
              }
            ]
          }
        ]
      },
      "gridPos": {
        "h": 17,
        "w": 10,
        "x": 14,
        "y": 6
      },
      "id": 8,
      "options": {
        "footer": {
          "enablePagination": true,
          "fields": "",
          "reducer": ["sum"],
          "show": false
        },
        "showHeader": true,
        "sortBy": []
      },
      "pluginVersion": "8.0.6",
      "targets": [
        {
          "cardinalityType": "labels",
          "limit": "100",
          "refId": "A",
          "resultType": "top",
          "targetDatasource": "${datasource}",
          "refreshQueryWhenFilterChanges": "${filter}"
        }
      ],
      "title": "Top labels by value count",
      "type": "table"
    }
  ],
  "refresh": "15m",
  "schemaVersion": 30,
  "style": "dark",
  "tags": ["cardinality-management", "GEM"],
  "templating": {
    "list": [
      {
        "description": "Datasource adapter to provide metrics cardinality",
        "hide": 2,
        "includeAll": false,
        "multi": false,
        "name": "cardinality",
        "query": "grafana-cardinality-datasource",
        "refresh": 1,
        "regex": "",
        "skipUrlSync": false,
        "type": "datasource"
      },
      {
        "current": {
          "selected": false
        },
        "description": "Choose a Prometheus data source for cardinality management",
        "error": null,
        "hide": 0,
        "includeAll": false,
        "label": "Data source",
        "multi": false,
        "name": "datasource",
        "options": [],
        "query": "prometheus",
        "queryValue": "",
        "refresh": 1,
        "regex": "",
        "skipUrlSync": false,
        "type": "datasource"
      },
      {
        "datasource": {
          "type": "prometheus",
          "uid": "${datasource}"
        },
        "description": "A label-value filter to be used for all cardinality queries",
        "filters": [],
        "hide": 0,
        "label": "Filter",
        "name": "filter",
        "skipUrlSync": false,
        "type": "adhoc"
      }
    ]
  },
  "time": {
    "from": "now-24h",
    "to": "now"
  },
  "timepicker": {
    "hidden": true
  },
  "timezone": "",
  "title": "Cardinality management - 1 - overview",
  "uid": "cardinality-management"
}
