{
      "annotations": {
         "list": [ ]
      },
      "editable": false,
      "gnetId": null,
      "graphTooltip": 2,
      "links": [
         {
            "asDropdown": true,
            "icon": "external link",
            "includeVars": true,
            "keepTime": true,
            "tags": [
               "GEM",
               "self-monitoring"
            ],
            "targetBlank": false,
            "title": "GEM system monitoring",
            "type": "dashboards"
         }
      ],
      "panels": [
         {
            "collapsed": false,
            "datasource": null,
            "gridPos": {
               "h": 1,
               "w": 24,
               "x": 0,
               "y": 0
            },
            "id": 32,
            "panels": [ ],
            "title": "Write path",
            "type": "row"
         },
         {
            "datasource": "GEM system monitoring",
            "description": "Count of unique active time series. Each unique time series is then replicated REPLICATION_FACTOR number of times. ",
            "fieldConfig": {
               "defaults": {
                  "color": {
                     "mode": "thresholds"
                  },
                  "mappings": [ ],
                  "thresholds": {
                     "mode": "absolute",
                     "steps": [
                        {
                           "color": "blue",
                           "value": null
                        }
                     ]
                  },
                  "unit": "series"
               },
               "overrides": [
                  {
                     "matcher": {
                        "id": "byRegexp",
                        "options": "Limit.*"
                     },
                     "properties": [
                        {
                           "id": "color",
                           "value": {
                              "fixedColor": "semi-dark-red",
                              "mode": "fixed"
                           }
                        },
                        {
                           "id": "mappings",
                           "value": [
                              {
                                 "options": {
                                    "0": {
                                       "index": 0,
                                       "text": "No limit"
                                    }
                                 },
                                 "type": "value"
                              }
                           ]
                        }
                     ]
                  },
                  {
                     "matcher": {
                        "id": "byRegexp",
                        "options": "Usage.*"
                     },
                     "properties": [
                        {
                           "id": "color",
                           "value": {
                              "fixedColor": "blue",
                              "mode": "fixed"
                           }
                        }
                     ]
                  }
               ]
            },
            "gridPos": {
               "h": 9,
               "w": 7,
               "x": 0,
               "y": 1
            },
            "id": 26,
            "options": {
               "colorMode": "background",
               "graphMode": "none",
               "justifyMode": "center",
               "orientation": "horizontal",
               "reduceOptions": {
                  "calcs": [
                     "lastNotNull"
                  ],
                  "fields": "",
                  "values": false
               },
               "text": {
                  "titleSize": 14,
                  "valueSize": 48
               },
               "textMode": "value_and_name"
            },
            "pluginVersion": "8.0.3",
            "repeat": "user",
            "repeatDirection": "v",
            "targets": [
               {
                  "exemplar": true,
                  "expr": "(\n    min(\n      cortex_limits_overrides{limit_name=\"max_global_series_per_user\",user=\"$user\"}\n    )\n)\nor\nmin(\n    cortex_limits_defaults{limit_name=\"max_global_series_per_user\"}\n)\n",
                  "instant": true,
                  "interval": "",
                  "legendFormat": "Limit",
                  "queryType": "randomWalk",
                  "refId": "A"
               },
               {
                  "exemplar": true,
                  "expr": "sum(\n    cortex_ingester_memory_series_created_total{user=\"$user\"}\n  -\n    cortex_ingester_memory_series_removed_total{user=\"$user\"}\n)\n/ on(cluster) group_left()\nmax by(cluster) (\n  cortex_distributor_replication_factor\n)\n",
                  "hide": false,
                  "instant": true,
                  "interval": "",
                  "legendFormat": "Usage",
                  "refId": "B"
               }
            ],
            "title": "Number of active time series",
            "type": "stat"
         },
         {
            "datasource": "GEM system monitoring",
            "fieldConfig": {
               "defaults": {
                  "color": {
                     "mode": "thresholds"
                  },
                  "mappings": [
                     {
                        "options": {
                           "Infinity": {
                              "color": "text",
                              "index": 0,
                              "text": "No limit set"
                           }
                        },
                        "type": "value"
                     }
                  ],
                  "max": 1,
                  "min": 0,
                  "noValue": "No limit set",
                  "thresholds": {
                     "mode": "percentage",
                     "steps": [
                        {
                           "color": "text",
                           "value": null
                        },
                        {
                           "color": "blue",
                           "value": 0
                        },
                        {
                           "color": "#EAB839",
                           "value": 80
                        },
                        {
                           "color": "red",
                           "value": 90
                        }
                     ]
                  },
                  "unit": "percentunit"
               },
               "overrides": [ ]
            },
            "gridPos": {
               "h": 9,
               "w": 5,
               "x": 7,
               "y": 1
            },
            "id": 22,
            "options": {
               "reduceOptions": {
                  "calcs": [
                     "last"
                  ],
                  "fields": "",
                  "values": false
               },
               "showThresholdLabels": true,
               "showThresholdMarkers": true,
               "text": { }
            },
            "pluginVersion": "8.0.3",
            "repeat": "user",
            "repeatDirection": "v",
            "targets": [
               {
                  "exemplar": true,
                  "expr": "(\n  sum(\n      cortex_ingester_memory_series_created_total{user=\"$user\"}\n    -\n      cortex_ingester_memory_series_removed_total{user=\"$user\"}\n  )\n  / on(cluster) group_left()\n  max by(cluster) (\n    cortex_distributor_replication_factor\n  )\n  \n)\n/\n(\n  (\n      min(\n        cortex_limits_overrides{limit_name=\"max_global_series_per_user\",user=\"$user\"}\n      )\n  )\n  or\n  min(\n      cortex_limits_defaults{limit_name=\"max_global_series_per_user\"}\n  )\n  \n)\n",
                  "hide": false,
                  "instant": true,
                  "interval": "",
                  "legendFormat": "",
                  "refId": "B"
               }
            ],
            "title": "Fraction of active time series limit",
            "transformations": [ ],
            "type": "gauge"
         },
         {
            "datasource": "GEM system monitoring",
            "fieldConfig": {
               "defaults": {
                  "color": {
                     "mode": "palette-classic"
                  },
                  "custom": {
                     "axisLabel": "Active time series",
                     "axisPlacement": "auto",
                     "barAlignment": 0,
                     "drawStyle": "line",
                     "fillOpacity": 20,
                     "gradientMode": "opacity",
                     "hideFrom": {
                        "legend": false,
                        "tooltip": false,
                        "viz": false
                     },
                     "lineInterpolation": "smooth",
                     "lineStyle": {
                        "fill": "solid"
                     },
                     "lineWidth": 1,
                     "pointSize": 3,
                     "scaleDistribution": {
                        "type": "linear"
                     },
                     "showPoints": "auto",
                     "spanNulls": false,
                     "stacking": {
                        "group": "A",
                        "mode": "none"
                     },
                     "thresholdsStyle": {
                        "mode": "off"
                     }
                  },
                  "mappings": [ ],
                  "thresholds": {
                     "mode": "absolute",
                     "steps": [
                        {
                           "color": "green",
                           "value": null
                        },
                        {
                           "color": "red",
                           "value": 80
                        }
                     ]
                  }
               },
               "overrides": [
                  {
                     "matcher": {
                        "id": "byRegexp",
                        "options": "Limit.*"
                     },
                     "properties": [
                        {
                           "id": "color",
                           "value": {
                              "fixedColor": "red",
                              "mode": "fixed"
                           }
                        },
                        {
                           "id": "custom.lineStyle",
                           "value": {
                              "dash": [
                                 0,
                                 10
                              ],
                              "fill": "dot"
                           }
                        },
                        {
                           "id": "custom.showPoints",
                           "value": "never"
                        }
                     ]
                  },
                  {
                     "matcher": {
                        "id": "byRegexp",
                        "options": "Usage.*"
                     },
                     "properties": [
                        {
                           "id": "color",
                           "value": {
                              "fixedColor": "blue",
                              "mode": "fixed"
                           }
                        }
                     ]
                  }
               ]
            },
            "gridPos": {
               "h": 9,
               "w": 12,
               "x": 12,
               "y": 1
            },
            "id": 23,
            "options": {
               "legend": {
                  "calcs": [
                     "last",
                     "mean"
                  ],
                  "displayMode": "table",
                  "placement": "bottom"
               },
               "tooltip": {
                  "mode": "single"
               }
            },
            "pluginVersion": "8.0.3",
            "repeat": "user",
            "repeatDirection": "v",
            "targets": [
               {
                  "exemplar": true,
                  "expr": "(\n    min(\n      cortex_limits_overrides{limit_name=\"max_global_series_per_user\",user=\"$user\"}\n    )\n)\nor\nmin(\n    cortex_limits_defaults{limit_name=\"max_global_series_per_user\"}\n)\n",
                  "interval": "",
                  "legendFormat": "Limit",
                  "queryType": "randomWalk",
                  "refId": "A"
               },
               {
                  "exemplar": true,
                  "expr": "sum(\n    cortex_ingester_memory_series_created_total{user=\"$user\"}\n  -\n    cortex_ingester_memory_series_removed_total{user=\"$user\"}\n)\n/ on(cluster) group_left()\nmax by(cluster) (\n  cortex_distributor_replication_factor\n)\n",
                  "hide": false,
                  "interval": "",
                  "legendFormat": "Usage",
                  "refId": "B"
               }
            ],
            "title": "Number of active time series",
            "type": "timeseries"
         },
         {
            "datasource": "GEM system monitoring",
            "description": "",
            "fieldConfig": {
               "defaults": {
                  "color": {
                     "mode": "thresholds"
                  },
                  "mappings": [ ],
                  "thresholds": {
                     "mode": "percentage",
                     "steps": [
                        {
                           "color": "purple",
                           "value": null
                        }
                     ]
                  },
                  "unit": "DPS"
               },
               "overrides": [
                  {
                     "matcher": {
                        "id": "byName",
                        "options": "Burst size limit"
                     },
                     "properties": [
                        {
                           "id": "color",
                           "value": {
                              "fixedColor": "semi-dark-red",
                              "mode": "fixed"
                           }
                        }
                     ]
                  },
                  {
                     "matcher": {
                        "id": "byName",
                        "options": "Rate limit"
                     },
                     "properties": [
                        {
                           "id": "color",
                           "value": {
                              "fixedColor": "yellow",
                              "mode": "fixed"
                           }
                        }
                     ]
                  },
                  {
                     "matcher": {
                        "id": "byName",
                        "options": "Ingestion rate"
                     },
                     "properties": [
                        {
                           "id": "color",
                           "value": {
                              "fixedColor": "blue",
                              "mode": "fixed"
                           }
                        }
                     ]
                  }
               ]
            },
            "gridPos": {
               "h": 9,
               "w": 7,
               "x": 0,
               "y": 10
            },
            "id": 24,
            "maxPerRow": 2,
            "options": {
               "colorMode": "background",
               "graphMode": "none",
               "justifyMode": "center",
               "orientation": "horizontal",
               "reduceOptions": {
                  "calcs": [
                     "lastNotNull"
                  ],
                  "fields": "",
                  "values": false
               },
               "text": {
                  "titleSize": 14,
                  "valueSize": 48
               },
               "textMode": "value_and_name"
            },
            "pluginVersion": "8.0.3",
            "repeat": "user",
            "repeatDirection": "v",
            "targets": [
               {
                  "exemplar": true,
                  "expr": "(\n    min(\n      cortex_limits_overrides{limit_name=\"ingestion_burst_size\",user=\"$user\"}\n    )\n  >\n    0\n)\nor\nmin(\n    cortex_limits_defaults{limit_name=\"ingestion_burst_size\"}\n  >\n    0\n)\n",
                  "hide": false,
                  "instant": true,
                  "interval": "",
                  "legendFormat": "Burst size limit",
                  "refId": "B"
               },
               {
                  "exemplar": true,
                  "expr": "(\n    min(\n      cortex_limits_overrides{limit_name=\"ingestion_rate\",user=\"$user\"}\n    )\n  >\n    0\n)\nor\nmin(\n    cortex_limits_defaults{limit_name=\"ingestion_rate\"}\n  >\n    0\n)\n",
                  "instant": true,
                  "interval": "",
                  "legendFormat": "Rate limit",
                  "queryType": "randomWalk",
                  "refId": "A"
               },
               {
                  "exemplar": true,
                  "expr": "sum(\n  rate(cortex_distributor_received_samples_total{user=\"$user\"}[$__rate_interval])\n)\n",
                  "hide": false,
                  "instant": true,
                  "interval": "",
                  "legendFormat": "Ingestion rate",
                  "refId": "D"
               }
            ],
            "title": "Ingestion rate (datapoints per second)",
            "type": "stat"
         },
         {
            "datasource": "GEM system monitoring",
            "fieldConfig": {
               "defaults": {
                  "color": {
                     "mode": "thresholds"
                  },
                  "mappings": [ ],
                  "max": 1,
                  "min": 0,
                  "noValue": "No limit set",
                  "thresholds": {
                     "mode": "percentage",
                     "steps": [
                        {
                           "color": "text",
                           "value": null
                        },
                        {
                           "color": "blue",
                           "value": 0
                        },
                        {
                           "color": "yellow",
                           "value": 80
                        },
                        {
                           "color": "red",
                           "value": 90
                        }
                     ]
                  },
                  "unit": "percentunit"
               },
               "overrides": [ ]
            },
            "gridPos": {
               "h": 9,
               "w": 5,
               "x": 7,
               "y": 10
            },
            "id": 30,
            "options": {
               "orientation": "auto",
               "reduceOptions": {
                  "calcs": [
                     "lastNotNull"
                  ],
                  "fields": "",
                  "values": false
               },
               "showThresholdLabels": true,
               "showThresholdMarkers": true,
               "text": { }
            },
            "pluginVersion": "8.0.3",
            "repeat": "user",
            "repeatDirection": "v",
            "targets": [
               {
                  "exemplar": true,
                  "expr": "(\n  sum(\n    rate(cortex_distributor_received_samples_total{user=\"$user\"}[$__rate_interval])\n  )\n  \n)\n/\n(\n  (\n      min(\n        cortex_limits_overrides{limit_name=\"ingestion_rate\",user=\"$user\"}\n      )\n    >\n      0\n  )\n  or\n  min(\n      cortex_limits_defaults{limit_name=\"ingestion_rate\"}\n    >\n      0\n  )\n  \n)\n",
                  "hide": false,
                  "instant": true,
                  "interval": "",
                  "legendFormat": "Ingestion rate",
                  "refId": "D"
               }
            ],
            "title": "Fraction of ingestion rate limit",
            "transformations": [ ],
            "type": "gauge"
         },
         {
            "datasource": "GEM system monitoring",
            "description": "Rate and rate limit calculated after we exclude samples that do not meet criteria",
            "fieldConfig": {
               "defaults": {
                  "color": {
                     "mode": "palette-classic"
                  },
                  "custom": {
                     "axisLabel": "Datapoints per second",
                     "axisPlacement": "auto",
                     "barAlignment": 0,
                     "drawStyle": "line",
                     "fillOpacity": 20,
                     "gradientMode": "hue",
                     "hideFrom": {
                        "legend": false,
                        "tooltip": false,
                        "viz": false
                     },
                     "lineInterpolation": "linear",
                     "lineWidth": 1,
                     "pointSize": 3,
                     "scaleDistribution": {
                        "type": "linear"
                     },
                     "showPoints": "auto",
                     "spanNulls": false,
                     "stacking": {
                        "group": "A",
                        "mode": "none"
                     },
                     "thresholdsStyle": {
                        "mode": "off"
                     }
                  },
                  "mappings": [ ],
                  "thresholds": {
                     "mode": "absolute",
                     "steps": [
                        {
                           "color": "green",
                           "value": null
                        },
                        {
                           "color": "red",
                           "value": 80
                        }
                     ]
                  }
               },
               "overrides": [
                  {
                     "matcher": {
                        "id": "byName",
                        "options": "Burst size limit"
                     },
                     "properties": [
                        {
                           "id": "color",
                           "value": {
                              "fixedColor": "red",
                              "mode": "fixed"
                           }
                        },
                        {
                           "id": "custom.lineStyle",
                           "value": {
                              "dash": [
                                 10,
                                 10
                              ],
                              "fill": "dash"
                           }
                        },
                        {
                           "id": "custom.showPoints",
                           "value": "never"
                        }
                     ]
                  },
                  {
                     "matcher": {
                        "id": "byName",
                        "options": "Rate limit"
                     },
                     "properties": [
                        {
                           "id": "color",
                           "value": {
                              "fixedColor": "yellow",
                              "mode": "fixed"
                           }
                        },
                        {
                           "id": "custom.lineStyle",
                           "value": {
                              "dash": [
                                 0,
                                 10
                              ],
                              "fill": "dot"
                           }
                        },
                        {
                           "id": "custom.showPoints",
                           "value": "never"
                        }
                     ]
                  },
                  {
                     "matcher": {
                        "id": "byName",
                        "options": "Ingestion rate"
                     },
                     "properties": [
                        {
                           "id": "color",
                           "value": {
                              "fixedColor": "blue",
                              "mode": "fixed"
                           }
                        }
                     ]
                  }
               ]
            },
            "gridPos": {
               "h": 9,
               "w": 12,
               "x": 12,
               "y": 10
            },
            "id": 10,
            "options": {
               "legend": {
                  "calcs": [
                     "last",
                     "mean"
                  ],
                  "displayMode": "table",
                  "placement": "bottom"
               },
               "tooltip": {
                  "mode": "single"
               }
            },
            "repeat": "user",
            "repeatDirection": "v",
            "targets": [
               {
                  "exemplar": true,
                  "expr": "(\n    min(\n      cortex_limits_overrides{limit_name=\"ingestion_burst_size\",user=\"$user\"}\n    )\n  >\n    0\n)\nor\nmin(\n    cortex_limits_defaults{limit_name=\"ingestion_burst_size\"}\n  >\n    0\n)\n",
                  "hide": false,
                  "interval": "",
                  "legendFormat": "Burst size limit",
                  "refId": "B"
               },
               {
                  "exemplar": true,
                  "expr": "(\n    min(\n      cortex_limits_overrides{limit_name=\"ingestion_rate\",user=\"$user\"}\n    )\n  >\n    0\n)\nor\nmin(\n    cortex_limits_defaults{limit_name=\"ingestion_rate\"}\n  >\n    0\n)\n",
                  "interval": "",
                  "legendFormat": "Rate limit",
                  "queryType": "randomWalk",
                  "refId": "A"
               },
               {
                  "exemplar": true,
                  "expr": "sum(\n  rate(cortex_distributor_samples_in_total{user=\"$user\"}[$__rate_interval])\n)\n",
                  "hide": true,
                  "interval": "",
                  "legendFormat": "Ingestion rate including rejected and deduped samples ",
                  "refId": "C"
               },
               {
                  "exemplar": true,
                  "expr": "sum(\n  rate(cortex_distributor_received_samples_total{user=\"$user\"}[$__rate_interval])\n)\n",
                  "hide": false,
                  "interval": "",
                  "legendFormat": "Ingestion rate",
                  "refId": "D"
               }
            ],
            "title": "Ingestion rate",
            "type": "timeseries"
         },
         {
            "datasource": "GEM system monitoring",
            "description": "The top value in this panel is the maximum allowed exemplars that will be kept in storage for this tenant. It is set by the max_global_exemplars_per_user parameter. \n\n The bottom value in the panel is the age of the oldest exemplar in storage. If oldest is \"absent\", then no exemplars are currently in storage for this tenant.",
            "fieldConfig": {
               "defaults": {
                  "color": {
                     "mode": "thresholds"
                  },
                  "mappings": [ ],
                  "thresholds": {
                     "mode": "percentage",
                     "steps": [
                        {
                           "color": "purple",
                           "value": null
                        }
                     ]
                  },
                  "unit": "none"
               },
               "overrides": [
                  {
                     "matcher": {
                        "id": "byName",
                        "options": "Max"
                     },
                     "properties": [
                        {
                           "id": "unit",
                           "value": "exemplars"
                        },
                        {
                           "id": "color",
                           "value": {
                              "mode": "thresholds"
                           }
                        },
                        {
                           "id": "thresholds",
                           "value": {
                              "mode": "absolute",
                              "steps": [
                                 {
                                    "color": "red",
                                    "value": null
                                 },
                                 {
                                    "color": "yellow",
                                    "value": 1
                                 }
                              ]
                           }
                        }
                     ]
                  },
                  {
                     "matcher": {
                        "id": "byName",
                        "options": "Oldest"
                     },
                     "properties": [
                        {
                           "id": "unit",
                           "value": "s"
                        },
                        {
                           "id": "color",
                           "value": {
                              "fixedColor": "blue",
                              "mode": "fixed"
                           }
                        },
                        {
                           "id": "mappings",
                           "value": [
                              {
                                 "options": {
                                    "match": "nan",
                                    "result": {
                                       "index": 0,
                                       "text": "absent"
                                    }
                                 },
                                 "type": "special"
                              }
                           ]
                        }
                     ]
                  }
               ]
            },
            "gridPos": {
               "h": 9,
               "w": 7,
               "x": 0,
               "y": 19
            },
            "id": 39,
            "maxPerRow": 2,
            "options": {
               "colorMode": "background",
               "graphMode": "none",
               "justifyMode": "center",
               "orientation": "horizontal",
               "reduceOptions": {
                  "calcs": [
                     "lastNotNull"
                  ],
                  "fields": "",
                  "values": false
               },
               "text": {
                  "titleSize": 14,
                  "valueSize": 48
               },
               "textMode": "value_and_name"
            },
            "pluginVersion": "8.2.2",
            "repeatDirection": "v",
            "targets": [
               {
                  "exemplar": true,
                  "expr": "(\n    min(\n      cortex_limits_overrides{limit_name=\"max_global_exemplars_per_user\",user=\"$user\"}\n    )\n  >\n    0\n)\nor\nmin(\n    cortex_limits_defaults{limit_name=\"max_global_exemplars_per_user\"}\n  >\n    0\n)\n",
                  "hide": false,
                  "instant": true,
                  "interval": "",
                  "legendFormat": "Max",
                  "refId": "B"
               },
               {
                  "exemplar": true,
                  "expr": "(\n  time() - min(cortex_ingester_tsdb_exemplar_last_exemplars_timestamp_seconds{user=\"$user\"} > 0)\n) or vector(NaN)\n",
                  "instant": true,
                  "interval": "",
                  "legendFormat": "Oldest",
                  "queryType": "randomWalk",
                  "refId": "A"
               }
            ],
            "title": "Exemplars in the storage",
            "type": "stat"
         },
         {
            "datasource": "GEM system monitoring",
            "description": "This panel shows the rate (per second) of incoming exemplars being dropped, grouped by the reason for dropping.",
            "fieldConfig": {
               "defaults": {
                  "color": {
                     "fixedColor": "red",
                     "mode": "fixed"
                  },
                  "custom": {
                     "axisLabel": "",
                     "axisPlacement": "auto",
                     "barAlignment": 0,
                     "drawStyle": "line",
                     "fillOpacity": 17,
                     "gradientMode": "opacity",
                     "hideFrom": {
                        "legend": false,
                        "tooltip": false,
                        "viz": false
                     },
                     "lineInterpolation": "linear",
                     "lineWidth": 1,
                     "pointSize": 5,
                     "scaleDistribution": {
                        "type": "linear"
                     },
                     "showPoints": "auto",
                     "spanNulls": false,
                     "stacking": {
                        "group": "A",
                        "mode": "none"
                     },
                     "thresholdsStyle": {
                        "mode": "off"
                     }
                  },
                  "mappings": [ ],
                  "thresholds": {
                     "mode": "absolute",
                     "steps": [
                        {
                           "color": "green",
                           "value": null
                        },
                        {
                           "color": "red",
                           "value": 80
                        }
                     ]
                  }
               },
               "overrides": [ ]
            },
            "gridPos": {
               "h": 9,
               "w": 5,
               "x": 7,
               "y": 19
            },
            "id": 37,
            "options": {
               "legend": {
                  "calcs": [ ],
                  "displayMode": "list",
                  "placement": "bottom"
               },
               "tooltip": {
                  "mode": "single"
               }
            },
            "targets": [
               {
                  "exemplar": true,
                  "expr": "sum by (reason, target) (rate(cortex_discarded_exemplars_total{user=\"$user\"}[$__rate_interval]))",
                  "interval": "",
                  "legendFormat": "Dropped because {{ reason }}",
                  "refId": "A"
               }
            ],
            "title": "Dropped exemplars reasons rate",
            "type": "timeseries"
         },
         {
            "datasource": "GEM system monitoring",
            "description": "This panel shows the rate (per second) of incoming exemplars: \n- The \"received\" exemplars are the exemplars considered \"received\" by the distributor. Exemplars that are rejected or HA deduplicated by the distributor do not count towards the \"received\" rate. \n- The \"appended\" exemplars are the exemplars that were actually appended to the storage (already adjusted for the replication factor). \n It is normal for this number to be lower than \"received\" since the ingester doesn't append exemplars already found in storage (remote write often sends same exemplars again and again). If \"appended\" exemplars is 0 while \"received\" is not, consider checking the max exemplars limit for this tenant.\n  ",
            "fieldConfig": {
               "defaults": {
                  "color": {
                     "fixedColor": "#606060",
                     "mode": "fixed"
                  },
                  "custom": {
                     "axisLabel": "",
                     "axisPlacement": "auto",
                     "barAlignment": 0,
                     "drawStyle": "line",
                     "fillOpacity": 17,
                     "gradientMode": "opacity",
                     "hideFrom": {
                        "legend": false,
                        "tooltip": false,
                        "viz": false
                     },
                     "lineInterpolation": "linear",
                     "lineWidth": 1,
                     "pointSize": 5,
                     "scaleDistribution": {
                        "type": "linear"
                     },
                     "showPoints": "auto",
                     "spanNulls": false,
                     "stacking": {
                        "group": "A",
                        "mode": "none"
                     },
                     "thresholdsStyle": {
                        "mode": "off"
                     }
                  },
                  "mappings": [ ],
                  "thresholds": {
                     "mode": "absolute",
                     "steps": [
                        {
                           "color": "green",
                           "value": null
                        },
                        {
                           "color": "red",
                           "value": 80
                        }
                     ]
                  }
               },
               "overrides": [
                  {
                     "matcher": {
                        "id": "byName",
                        "options": "Appended"
                     },
                     "properties": [
                        {
                           "id": "color",
                           "value": {
                              "fixedColor": "semi-dark-green",
                              "mode": "fixed"
                           }
                        },
                        {
                           "id": "custom.gradientMode",
                           "value": "none"
                        },
                        {
                           "id": "custom.fillOpacity",
                           "value": 40
                        }
                     ]
                  },
                  {
                     "matcher": {
                        "id": "byName",
                        "options": "Received"
                     },
                     "properties": [
                        {
                           "id": "custom.fillOpacity",
                           "value": 30
                        },
                        {
                           "id": "custom.lineWidth",
                           "value": 1
                        },
                        {
                           "id": "color",
                           "value": {
                              "fixedColor": "#808080",
                              "mode": "fixed"
                           }
                        }
                     ]
                  }
               ]
            },
            "gridPos": {
               "h": 9,
               "w": 12,
               "x": 12,
               "y": 19
            },
            "id": 38,
            "options": {
               "legend": {
                  "calcs": [ ],
                  "displayMode": "list",
                  "placement": "bottom"
               },
               "tooltip": {
                  "mode": "single"
               }
            },
            "targets": [
               {
                  "exemplar": true,
                  "expr": "sum(rate(cortex_ingester_tsdb_exemplar_exemplars_appended_total{user=\"$user\"}[$__rate_interval])\n/\non() group_left max(cortex_distributor_replication_factor))\n",
                  "interval": "",
                  "legendFormat": "Appended",
                  "refId": "A"
               },
               {
                  "exemplar": true,
                  "expr": "sum(rate(cortex_distributor_received_exemplars_total{user=\"$user\"}[$__rate_interval]))",
                  "hide": false,
                  "interval": "",
                  "legendFormat": "Received",
                  "refId": "B"
               }
            ],
            "title": "Exemplars rate",
            "type": "timeseries"
         },
         {
            "collapsed": false,
            "datasource": null,
            "gridPos": {
               "h": 1,
               "w": 24,
               "x": 0,
               "y": 28
            },
            "id": 34,
            "panels": [ ],
            "title": "Read path",
            "type": "row"
         },
         {
            "datasource": "GEM system monitoring",
            "fieldConfig": {
               "defaults": {
                  "color": {
                     "mode": "palette-classic"
                  },
                  "custom": {
                     "axisLabel": "Queries per second",
                     "axisPlacement": "left",
                     "barAlignment": 0,
                     "drawStyle": "line",
                     "fillOpacity": 20,
                     "gradientMode": "opacity",
                     "hideFrom": {
                        "legend": false,
                        "tooltip": false,
                        "viz": false
                     },
                     "lineInterpolation": "smooth",
                     "lineStyle": {
                        "fill": "solid"
                     },
                     "lineWidth": 1,
                     "pointSize": 3,
                     "scaleDistribution": {
                        "type": "linear"
                     },
                     "showPoints": "auto",
                     "spanNulls": false,
                     "stacking": {
                        "group": "A",
                        "mode": "normal"
                     },
                     "thresholdsStyle": {
                        "mode": "off"
                     }
                  },
                  "mappings": [ ],
                  "thresholds": {
                     "mode": "percentage",
                     "steps": [
                        {
                           "color": "blue",
                           "value": null
                        },
                        {
                           "color": "red",
                           "value": 80
                        }
                     ]
                  }
               },
               "overrides": [
                  {
                     "matcher": {
                        "id": "byName",
                        "options": "User QPS "
                     },
                     "properties": [
                        {
                           "id": "color",
                           "value": {
                              "fixedColor": "blue",
                              "mode": "fixed"
                           }
                        }
                     ]
                  },
                  {
                     "matcher": {
                        "id": "byName",
                        "options": "Ruler QPS"
                     },
                     "properties": [
                        {
                           "id": "color",
                           "value": {
                              "fixedColor": "yellow",
                              "mode": "fixed"
                           }
                        }
                     ]
                  }
               ]
            },
            "gridPos": {
               "h": 8,
               "w": 16,
               "x": 0,
               "y": 29
            },
            "id": 6,
            "options": {
               "legend": {
                  "calcs": [
                     "last",
                     "mean"
                  ],
                  "displayMode": "table",
                  "placement": "bottom"
               },
               "tooltip": {
                  "mode": "single"
               }
            },
            "targets": [
               {
                  "exemplar": true,
                  "expr": "sum(\n  rate(\n    cortex_prometheus_rule_evaluations_total{user=\"$user\"}[$__rate_interval]\n  )\n)\n",
                  "hide": false,
                  "interval": "",
                  "legendFormat": "Ruler QPS",
                  "refId": "A"
               },
               {
                  "exemplar": true,
                  "expr": "sum(\n  rate(\n    cortex_query_frontend_queries_total{user=\"$user\"}[$__rate_interval]\n  )\n)\n",
                  "hide": false,
                  "interval": "",
                  "legendFormat": "User QPS ",
                  "refId": "B"
               }
            ],
            "title": "Queries per second (QPS)",
            "type": "timeseries"
         },
         {
            "datasource": "GEM system monitoring",
            "fieldConfig": {
               "defaults": {
                  "color": {
                     "mode": "thresholds"
                  },
                  "displayName": "${__series.name}",
                  "mappings": [ ],
                  "thresholds": {
                     "mode": "absolute",
                     "steps": [
                        {
                           "color": "blue",
                           "value": null
                        }
                     ]
                  }
               },
               "overrides": [
                  {
                     "matcher": {
                        "id": "byName",
                        "options": "Ruler QPS"
                     },
                     "properties": [
                        {
                           "id": "color",
                           "value": {
                              "fixedColor": "yellow",
                              "mode": "fixed"
                           }
                        }
                     ]
                  },
                  {
                     "matcher": {
                        "id": "byName",
                        "options": "User QPS"
                     },
                     "properties": [
                        {
                           "id": "color",
                           "value": {
                              "fixedColor": "blue",
                              "mode": "fixed"
                           }
                        }
                     ]
                  }
               ]
            },
            "gridPos": {
               "h": 8,
               "w": 4,
               "x": 16,
               "y": 29
            },
            "id": 25,
            "options": {
               "colorMode": "background",
               "graphMode": "none",
               "justifyMode": "center",
               "orientation": "horizontal",
               "reduceOptions": {
                  "calcs": [
                     "lastNotNull"
                  ],
                  "fields": "",
                  "values": false
               },
               "text": {
                  "titleSize": 14,
                  "valueSize": 48
               },
               "textMode": "auto"
            },
            "pluginVersion": "8.0.3",
            "targets": [
               {
                  "exemplar": true,
                  "expr": "sum(\n  rate(\n    cortex_prometheus_rule_evaluations_total{user=\"$user\"}[$__rate_interval]\n  )\n)\n",
                  "hide": false,
                  "instant": true,
                  "interval": "",
                  "legendFormat": "Ruler QPS",
                  "refId": "A"
               },
               {
                  "exemplar": true,
                  "expr": "sum(\n  rate(\n    cortex_query_frontend_queries_total{user=\"$user\"}[$__rate_interval]\n  )\n)\n",
                  "hide": false,
                  "instant": true,
                  "interval": "",
                  "legendFormat": "User QPS",
                  "refId": "B"
               }
            ],
            "title": "Queries per second (QPS)",
            "type": "stat"
         },
         {
            "datasource": "GEM system monitoring",
            "fieldConfig": {
               "defaults": {
                  "color": {
                     "mode": "thresholds"
                  },
                  "mappings": [ ],
                  "thresholds": {
                     "mode": "percentage",
                     "steps": [
                        {
                           "color": "blue",
                           "value": null
                        },
                        {
                           "color": "#EAB839",
                           "value": 80
                        },
                        {
                           "color": "red",
                           "value": 90
                        }
                     ]
                  },
                  "unit": "Bps"
               },
               "overrides": [ ]
            },
            "gridPos": {
               "h": 8,
               "w": 4,
               "x": 20,
               "y": 29
            },
            "id": 35,
            "options": {
               "colorMode": "background",
               "graphMode": "none",
               "justifyMode": "auto",
               "orientation": "auto",
               "reduceOptions": {
                  "calcs": [
                     "lastNotNull"
                  ],
                  "fields": "",
                  "values": false
               },
               "text": {
                  "valueSize": 48
               },
               "textMode": "auto"
            },
            "pluginVersion": "8.0.3",
            "targets": [
               {
                  "exemplar": true,
                  "expr": "sum(\n  rate(\n    cortex_query_fetched_chunks_bytes_total{user=\"$user\"}[$__rate_interval]\n  )\n)\n",
                  "hide": false,
                  "instant": true,
                  "interval": "",
                  "legendFormat": "Query Data Rate",
                  "refId": "A"
               }
            ],
            "title": "Query data rate (bytes per second)",
            "type": "stat"
         },
         {
            "datasource": "GEM system monitoring",
            "description": "GEM allows users to set a limit on the maximum number of series that a query can return. This panel displays that limit. If you do not set a limit, then the panel does not display one. Because GEM does not record the series that are fetched for each query, the estimated value for this quantity is calculated by dividing series-fetched-per-second by queries-per-second. This approximates whether or not a tenant is reaching its series-per-query limit.",
            "fieldConfig": {
               "defaults": {
                  "color": {
                     "mode": "palette-classic"
                  },
                  "custom": {
                     "axisLabel": "Series per query",
                     "axisPlacement": "auto",
                     "barAlignment": 0,
                     "drawStyle": "line",
                     "fillOpacity": 20,
                     "gradientMode": "opacity",
                     "hideFrom": {
                        "legend": false,
                        "tooltip": false,
                        "viz": false
                     },
                     "lineInterpolation": "linear",
                     "lineWidth": 1,
                     "pointSize": 3,
                     "scaleDistribution": {
                        "type": "linear"
                     },
                     "showPoints": "auto",
                     "spanNulls": false,
                     "stacking": {
                        "group": "A",
                        "mode": "none"
                     },
                     "thresholdsStyle": {
                        "mode": "off"
                     }
                  },
                  "mappings": [ ],
                  "thresholds": {
                     "mode": "absolute",
                     "steps": [
                        {
                           "color": "green",
                           "value": null
                        },
                        {
                           "color": "red",
                           "value": 80
                        }
                     ]
                  }
               },
               "overrides": [
                  {
                     "matcher": {
                        "id": "byName",
                        "options": "Approximate fetched series per query"
                     },
                     "properties": [
                        {
                           "id": "color",
                           "value": {
                              "fixedColor": "blue",
                              "mode": "fixed"
                           }
                        }
                     ]
                  },
                  {
                     "matcher": {
                        "id": "byName",
                        "options": "Limit"
                     },
                     "properties": [
                        {
                           "id": "color",
                           "value": {
                              "fixedColor": "red",
                              "mode": "fixed"
                           }
                        },
                        {
                           "id": "custom.lineStyle",
                           "value": {
                              "dash": [
                                 0,
                                 10
                              ],
                              "fill": "dot"
                           }
                        },
                        {
                           "id": "custom.showPoints",
                           "value": "never"
                        }
                     ]
                  }
               ]
            },
            "gridPos": {
               "h": 8,
               "w": 12,
               "x": 0,
               "y": 37
            },
            "id": 8,
            "options": {
               "legend": {
                  "calcs": [
                     "last",
                     "mean"
                  ],
                  "displayMode": "table",
                  "placement": "bottom"
               },
               "tooltip": {
                  "mode": "single"
               }
            },
            "targets": [
               {
                  "exemplar": true,
                  "expr": "(\n    min(\n      cortex_limits_overrides{limit_name=\"max_fetched_series_per_query\",user=\"$user\"}\n    )\n  >\n    0\n)\nor\nmin(\n    cortex_limits_defaults{limit_name=\"max_fetched_series_per_query\"}\n  >\n    0\n)\n",
                  "interval": "",
                  "legendFormat": "Limit",
                  "queryType": "randomWalk",
                  "refId": "A"
               },
               {
                  "exemplar": true,
                  "expr": "(\n    sum by(user) (\n      rate(\n        cortex_query_fetched_series_total{user=~\"$user\"}[$__rate_interval]\n      )\n    )\n  /\n    sum by(user) (\n      rate(\n        cortex_query_frontend_queries_total{user=~\"$user\"}[$__rate_interval]\n      )\n    )\n)\n",
                  "hide": false,
                  "interval": "",
                  "legendFormat": "Approximate fetched series per query",
                  "refId": "C"
               }
            ],
            "title": "Series per query",
            "type": "timeseries"
         },
         {
            "datasource": "GEM system monitoring",
            "description": "GEM allows users to set a limit on the maximum chunk bytes that a query can return. This panel displays that limit. If you do not set a limit, this panel does not display one. Because GEM does not record the chunk bytes that are fetched for every query, an estimated value for this quantity is estimated by dividing chunk-bytes-fetched-per-second by queries-per-second. This approximates whether or not a tenant is reaching its chunk-bytes-per-query limit.",
            "fieldConfig": {
               "defaults": {
                  "color": {
                     "mode": "palette-classic"
                  },
                  "custom": {
                     "axisLabel": "Chunk bytes per query",
                     "axisPlacement": "auto",
                     "barAlignment": 0,
                     "drawStyle": "line",
                     "fillOpacity": 20,
                     "gradientMode": "opacity",
                     "hideFrom": {
                        "legend": false,
                        "tooltip": false,
                        "viz": false
                     },
                     "lineInterpolation": "linear",
                     "lineWidth": 1,
                     "pointSize": 3,
                     "scaleDistribution": {
                        "type": "linear"
                     },
                     "showPoints": "auto",
                     "spanNulls": false,
                     "stacking": {
                        "group": "A",
                        "mode": "none"
                     },
                     "thresholdsStyle": {
                        "mode": "off"
                     }
                  },
                  "mappings": [ ],
                  "thresholds": {
                     "mode": "absolute",
                     "steps": [
                        {
                           "color": "green",
                           "value": null
                        },
                        {
                           "color": "red",
                           "value": 80
                        }
                     ]
                  }
               },
               "overrides": [
                  {
                     "matcher": {
                        "id": "byName",
                        "options": "Limit"
                     },
                     "properties": [
                        {
                           "id": "custom.lineStyle",
                           "value": {
                              "dash": [
                                 0,
                                 10
                              ],
                              "fill": "dot"
                           }
                        },
                        {
                           "id": "custom.showPoints",
                           "value": "never"
                        },
                        {
                           "id": "color",
                           "value": {
                              "fixedColor": "red",
                              "mode": "fixed"
                           }
                        }
                     ]
                  },
                  {
                     "matcher": {
                        "id": "byName",
                        "options": "Approximate fetched chunk bytes per query"
                     },
                     "properties": [
                        {
                           "id": "color",
                           "value": {
                              "fixedColor": "blue",
                              "mode": "fixed"
                           }
                        }
                     ]
                  }
               ]
            },
            "gridPos": {
               "h": 8,
               "w": 12,
               "x": 12,
               "y": 37
            },
            "id": 21,
            "options": {
               "legend": {
                  "calcs": [
                     "last",
                     "mean"
                  ],
                  "displayMode": "table",
                  "placement": "bottom"
               },
               "tooltip": {
                  "mode": "single"
               }
            },
            "pluginVersion": "8.0.3",
            "targets": [
               {
                  "exemplar": true,
                  "expr": "(\n    min(\n      cortex_limits_overrides{limit_name=\"max_fetched_chunk_bytes_per_query\",user=\"$user\"}\n    )\n  >\n    0\n)\nor\nmin(\n    cortex_limits_defaults{limit_name=\"max_fetched_chunk_bytes_per_query\"}\n  >\n    0\n)\n",
                  "hide": false,
                  "interval": "",
                  "legendFormat": "Limit",
                  "refId": "B"
               },
               {
                  "exemplar": true,
                  "expr": "(\n sum by(user) (\n     rate(\n         cortex_query_fetched_chunks_bytes_total{user=\"$user\"}[$__rate_interval]\n         )\n     )\n /\n sum by(user) (\n     rate(\n         cortex_query_frontend_queries_total{user=\"$user\"}[$__rate_interval]\n         )\n     )\n)\n",
                  "hide": false,
                  "interval": "",
                  "legendFormat": "Approximate fetched chunk bytes per query",
                  "refId": "D"
               }
            ],
            "title": "Chunk bytes per query",
            "type": "timeseries"
         },
         {
            "datasource": "GEM system monitoring",
            "description": "This is not an exhaustive list of all limits that are unset, but is intended to highlight important limits that Grafana Labs recommends setting that are not currently set. ",
            "fieldConfig": {
               "defaults": {
                  "color": {
                     "mode": "thresholds"
                  },
                  "custom": {
                     "align": "left",
                     "displayMode": "auto",
                     "filterable": false
                  },
                  "mappings": [
                     {
                        "options": {
                           "0": {
                              "color": "red",
                              "index": 0,
                              "text": "No limit"
                           }
                        },
                        "type": "value"
                     }
                  ],
                  "thresholds": {
                     "mode": "absolute",
                     "steps": [
                        {
                           "color": "green",
                           "value": null
                        },
                        {
                           "color": "red",
                           "value": 80
                        }
                     ]
                  }
               },
               "overrides": [
                  {
                     "matcher": {
                        "id": "byName",
                        "options": "Field"
                     },
                     "properties": [
                        {
                           "id": "displayName",
                           "value": "Limit Name"
                        }
                     ]
                  }
               ]
            },
            "gridPos": {
               "h": 7,
               "w": 24,
               "x": 0,
               "y": 45
            },
            "id": 19,
            "options": {
               "frameIndex": 1,
               "showHeader": true,
               "sortBy": [ ]
            },
            "pluginVersion": "8.0.3",
            "repeat": "user",
            "repeatDirection": "v",
            "targets": [
               {
                  "exemplar": true,
                  "expr": "(\n    min by(limit_name) (\n      cortex_limits_overrides{limit_name=~\"max_fetched_series_per_query|max_fetched_chunk_bytes_per_query|max_global_series_per_user|max_global_series_per_metric|ingestion_rate|ingestion_burst_size\",user=\"$user\"}\n    )\n  or\n    min by(limit_name) (\n      cortex_limits_defaults{limit_name=~\"max_fetched_series_per_query|max_fetched_chunk_bytes_per_query|max_global_series_per_user|max_global_series_per_metric|ingestion_rate|ingestion_burst_size\"}\n    )\n)\n==\n0\n",
                  "format": "heatmap",
                  "instant": true,
                  "interval": "",
                  "legendFormat": "{{limit_name}} ($user)",
                  "queryType": "randomWalk",
                  "refId": "A"
               }
            ],
            "title": "Inactive limits",
            "transformations": [
               {
                  "id": "seriesToColumns",
                  "options": {
                     "byField": "Time"
                  }
               },
               {
                  "id": "reduce",
                  "options": {
                     "reducers": [
                        "last"
                     ]
                  }
               },
               {
                  "id": "filterFieldsByName",
                  "options": {
                     "include": {
                        "names": [
                           "Field"
                        ]
                     }
                  }
               }
            ],
            "type": "table"
         }
      ],
      "refresh": "1m",
      "schemaVersion": 30,
      "style": "dark",
      "tags": [
         "GEM",
         "self-monitoring"
      ],
      "templating": {
         "list": [
            {
               "allValue": null,
               "current": {
                  "selected": false
               },
               "datasource": "GEM system monitoring",
               "definition": "label_values(cortex_ingester_memory_series_created_total, user)",
               "description": "",
               "error": null,
               "hide": 0,
               "includeAll": false,
               "label": "Tenant",
               "multi": false,
               "name": "user",
               "options": [ ],
               "query": {
                  "query": "label_values(cortex_ingester_memory_series_created_total, user)",
                  "refId": "StandardVariableQuery"
               },
               "refresh": 1,
               "regex": "",
               "skipUrlSync": false,
               "sort": 3,
               "type": "query"
            }
         ]
      },
      "time": {
         "from": "now-6h",
         "to": "now"
      },
      "timepicker": { },
      "timezone": "",
      "title": "Per-tenant usage",
      "uid": "gem---per-tenant-usage"
   }