{
      "annotations": {
         "list": [ ]
      },
      "editable": false,
      "gnetId": null,
      "graphTooltip": 2,
      "links": [
         {
            "asDropdown": true,
            "icon": "external link",
            "includeVars": true,
            "keepTime": true,
            "tags": [
               "GEM",
               "self-monitoring"
            ],
            "targetBlank": false,
            "title": "GEM system monitoring",
            "type": "dashboards"
         }
      ],
      "panels": [
         {
            "collapsed": false,
            "datasource": null,
            "gridPos": {
               "h": 1,
               "w": 24,
               "x": 0,
               "y": 0
            },
            "id": 4,
            "panels": [ ],
            "title": "Cluster level overview",
            "type": "row"
         },
         {
            "datasource": "GEM system monitoring",
            "fieldConfig": {
               "defaults": {
                  "color": {
                     "mode": "thresholds"
                  },
                  "mappings": [ ],
                  "thresholds": {
                     "mode": "absolute",
                     "steps": [
                        {
                           "color": "semi-dark-blue",
                           "value": null
                        }
                     ]
                  },
                  "unit": "short"
               },
               "overrides": [ ]
            },
            "gridPos": {
               "h": 7,
               "w": 6,
               "x": 0,
               "y": 1
            },
            "id": 2,
            "options": {
               "colorMode": "background",
               "graphMode": "area",
               "justifyMode": "auto",
               "orientation": "horizontal",
               "reduceOptions": {
                  "calcs": [
                     "lastNotNull"
                  ],
                  "fields": "",
                  "values": false
               },
               "text": { },
               "textMode": "auto"
            },
            "pluginVersion": "8.0.3",
            "targets": [
               {
                  "exemplar": true,
                  "expr": "sum by (cluster) (cortex_ingester_memory_series_created_total - cortex_ingester_memory_series_removed_total ) / on(cluster) group_left\nmax by (cluster) (cortex_distributor_replication_factor )",
                  "instant": true,
                  "interval": "",
                  "legendFormat": "",
                  "queryType": "randomWalk",
                  "refId": "A"
               }
            ],
            "title": "Number of active time series",
            "type": "stat"
         },
         {
            "datasource": "GEM system monitoring",
            "fieldConfig": {
               "defaults": {
                  "color": {
                     "mode": "thresholds"
                  },
                  "mappings": [ ],
                  "thresholds": {
                     "mode": "absolute",
                     "steps": [
                        {
                           "color": "semi-dark-blue",
                           "value": null
                        }
                     ]
                  },
                  "unit": "short"
               },
               "overrides": [ ]
            },
            "gridPos": {
               "h": 7,
               "w": 6,
               "x": 6,
               "y": 1
            },
            "id": 5,
            "options": {
               "colorMode": "background",
               "graphMode": "area",
               "justifyMode": "center",
               "orientation": "vertical",
               "reduceOptions": {
                  "calcs": [
                     "lastNotNull"
                  ],
                  "fields": "",
                  "values": false
               },
               "text": { },
               "textMode": "auto"
            },
            "pluginVersion": "8.0.3",
            "targets": [
               {
                  "exemplar": true,
                  "expr": "sum ( rate(cortex_distributor_received_samples_total[$__rate_interval]) )",
                  "instant": true,
                  "interval": "",
                  "legendFormat": "Samples",
                  "queryType": "randomWalk",
                  "refId": "A"
               },
               {
                  "exemplar": true,
                  "expr": "sum ( rate(cortex_distributor_received_exemplars_total[$__rate_interval]) )",
                  "instant": true,
                  "interval": "",
                  "legendFormat": "Exemplars",
                  "queryType": "randomWalk",
                  "refId": "B"
               }
            ],
            "title": "Ingestion rate (per second)",
            "type": "stat"
         },
         {
            "datasource": "GEM system monitoring",
            "description": "The ruler QPS is the query rate from queries issued by the ruler. User QPS is the query rate for all other queries. ",
            "fieldConfig": {
               "defaults": {
                  "color": {
                     "mode": "thresholds"
                  },
                  "mappings": [ ],
                  "thresholds": {
                     "mode": "absolute",
                     "steps": [
                        {
                           "color": "semi-dark-blue",
                           "value": null
                        }
                     ]
                  },
                  "unit": "QPS"
               },
               "overrides": [ ]
            },
            "gridPos": {
               "h": 7,
               "w": 7,
               "x": 12,
               "y": 1
            },
            "id": 6,
            "options": {
               "colorMode": "background",
               "graphMode": "area",
               "justifyMode": "center",
               "orientation": "vertical",
               "reduceOptions": {
                  "calcs": [
                     "lastNotNull"
                  ],
                  "fields": "",
                  "values": false
               },
               "text": { },
               "textMode": "auto"
            },
            "pluginVersion": "8.0.3",
            "targets": [
               {
                  "exemplar": true,
                  "expr": "sum (rate(cortex_prometheus_rule_evaluations_total[$__rate_interval]) ) ",
                  "instant": true,
                  "interval": "",
                  "legendFormat": "Ruler",
                  "queryType": "randomWalk",
                  "refId": "A"
               },
               {
                  "exemplar": true,
                  "expr": "sum (rate(cortex_query_frontend_queries_total[$__rate_interval]) ) ",
                  "hide": false,
                  "instant": true,
                  "interval": "",
                  "legendFormat": "User",
                  "refId": "B"
               }
            ],
            "title": "Query rate (queries per second)",
            "type": "stat"
         },
         {
            "datasource": "GEM system monitoring",
            "description": "",
            "fieldConfig": {
               "defaults": {
                  "color": {
                     "mode": "thresholds"
                  },
                  "links": [
                     {
                        "title": "Usage metrics for ${__field.labels.user}",
                        "url": "d/gem---per-tenant-usage/gem-per-tenant-usage?var-user=${__field.labels.user}"
                     }
                  ],
                  "mappings": [ ],
                  "thresholds": {
                     "mode": "absolute",
                     "steps": [
                        {
                           "color": "semi-dark-blue",
                           "value": null
                        }
                     ]
                  },
                  "unit": "Bps"
               },
               "overrides": [ ]
            },
            "gridPos": {
               "h": 7,
               "w": 5,
               "x": 19,
               "y": 1
            },
            "id": 17,
            "options": {
               "colorMode": "background",
               "graphMode": "area",
               "justifyMode": "auto",
               "orientation": "auto",
               "reduceOptions": {
                  "calcs": [
                     "lastNotNull"
                  ],
                  "fields": "",
                  "values": false
               },
               "text": { },
               "textMode": "auto"
            },
            "pluginVersion": "8.0.3",
            "targets": [
               {
                  "exemplar": true,
                  "expr": "sum by (cluster) (rate(cortex_query_fetched_chunks_bytes_total[$__rate_interval]))",
                  "instant": true,
                  "interval": "",
                  "legendFormat": "",
                  "queryType": "randomWalk",
                  "refId": "A"
               }
            ],
            "title": "Query data rate (bytes per second)",
            "type": "stat"
         },
         {
            "collapsed": false,
            "datasource": null,
            "gridPos": {
               "h": 1,
               "w": 24,
               "x": 0,
               "y": 8
            },
            "id": 8,
            "panels": [ ],
            "title": "Per tenant breakdown",
            "type": "row"
         },
         {
            "datasource": "GEM system monitoring",
            "fieldConfig": {
               "defaults": {
                  "color": {
                     "mode": "thresholds"
                  },
                  "links": [
                     {
                        "title": "Usage metrics for ${__field.labels.user}",
                        "url": "d/gem---per-tenant-usage/gem-per-tenant-usage?var-user=${__field.labels.user}"
                     }
                  ],
                  "mappings": [ ],
                  "thresholds": {
                     "mode": "percentage",
                     "steps": [
                        {
                           "color": "blue",
                           "value": null
                        }
                     ]
                  }
               },
               "overrides": [ ]
            },
            "gridPos": {
               "h": 8,
               "w": 7,
               "x": 0,
               "y": 9
            },
            "id": 10,
            "options": {
               "displayMode": "basic",
               "orientation": "horizontal",
               "reduceOptions": {
                  "calcs": [
                     "lastNotNull"
                  ],
                  "fields": "",
                  "values": false
               },
               "showUnfilled": true,
               "text": { }
            },
            "pluginVersion": "8.0.3",
            "targets": [
               {
                  "exemplar": true,
                  "expr": "sort_desc ( (sum by (user) (cortex_ingester_memory_series_created_total - cortex_ingester_memory_series_removed_total ) > 0) / on(cluster) group_left\nmax by (cluster) (cortex_distributor_replication_factor ) )",
                  "instant": true,
                  "interval": "",
                  "legendFormat": "{{user}}",
                  "queryType": "randomWalk",
                  "refId": "A"
               }
            ],
            "timeFrom": null,
            "timeShift": null,
            "title": "Number of active time series",
            "type": "bargauge"
         },
         {
            "datasource": "GEM system monitoring",
            "fieldConfig": {
               "defaults": {
                  "color": {
                     "mode": "thresholds"
                  },
                  "decimals": 0,
                  "displayName": "${__series.name}",
                  "links": [
                     {
                        "title": "Usage metrics for ${__field.labels.user}",
                        "url": "d/gem---per-tenant-usage/gem-per-tenant-usage?var-user=${__field.labels.user}"
                     }
                  ],
                  "mappings": [
                     {
                        "options": {
                           "match": "null+nan",
                           "result": {
                              "color": "red",
                              "index": 0,
                              "text": "No limit set"
                           }
                        },
                        "type": "special"
                     }
                  ],
                  "max": 1,
                  "min": 0,
                  "thresholds": {
                     "mode": "percentage",
                     "steps": [
                        {
                           "color": "blue",
                           "value": null
                        },
                        {
                           "color": "#EAB839",
                           "value": 80
                        },
                        {
                           "color": "red",
                           "value": 90
                        }
                     ]
                  },
                  "unit": "percentunit"
               },
               "overrides": [ ]
            },
            "gridPos": {
               "h": 8,
               "w": 17,
               "x": 7,
               "y": 9
            },
            "id": 14,
            "options": {
               "orientation": "auto",
               "reduceOptions": {
                  "calcs": [
                     "lastNotNull"
                  ],
                  "fields": "",
                  "values": false
               },
               "showThresholdLabels": true,
               "showThresholdMarkers": true,
               "text": { }
            },
            "pluginVersion": "8.0.3",
            "targets": [
               {
                  "exemplar": true,
                  "expr": "( \nsum by (user) (cortex_ingester_memory_series_created_total - cortex_ingester_memory_series_removed_total ) > 0\n) \n/ on(cluster) group_left\nmax by (cluster) (cortex_distributor_replication_factor ) \n\n/ on (user) group_left \n\nmin by (user) (cortex_limits_overrides{limit_name='max_global_series_per_user'} > 0) \n\nor on (user)\n\n( \nsum by (user) (cortex_ingester_memory_series_created_total - cortex_ingester_memory_series_removed_total ) > 0\n) \n/ on(cluster) group_left\nmax by (cluster) (cortex_distributor_replication_factor * NaN) ",
                  "instant": true,
                  "interval": "",
                  "legendFormat": "{{user}}",
                  "queryType": "randomWalk",
                  "refId": "A"
               }
            ],
            "title": "Fraction of active time series limit",
            "type": "gauge"
         },
         {
            "datasource": "GEM system monitoring",
            "fieldConfig": {
               "defaults": {
                  "color": {
                     "mode": "thresholds"
                  },
                  "displayName": "${__series.name}",
                  "links": [
                     {
                        "title": "Usage metrics for ${__field.labels.user}",
                        "url": "d/gem---per-tenant-usage/gem-per-tenant-usage?var-user=${__field.labels.user}"
                     }
                  ],
                  "mappings": [ ],
                  "thresholds": {
                     "mode": "absolute",
                     "steps": [
                        {
                           "color": "blue",
                           "value": null
                        }
                     ]
                  },
                  "unit": "short"
               },
               "overrides": [ ]
            },
            "gridPos": {
               "h": 8,
               "w": 7,
               "x": 0,
               "y": 17
            },
            "id": 11,
            "options": {
               "displayMode": "basic",
               "orientation": "horizontal",
               "reduceOptions": {
                  "calcs": [
                     "lastNotNull"
                  ],
                  "fields": "",
                  "values": false
               },
               "showUnfilled": true,
               "text": { }
            },
            "pluginVersion": "8.0.3",
            "targets": [
               {
                  "exemplar": true,
                  "expr": "sort_desc (sum by (user) ( rate(cortex_distributor_received_samples_total[$__rate_interval]) ))",
                  "instant": true,
                  "interval": "",
                  "legendFormat": "{{user}}",
                  "queryType": "randomWalk",
                  "refId": "A"
               }
            ],
            "title": "Ingestion rate (datapoints per second)",
            "type": "bargauge"
         },
         {
            "datasource": "GEM system monitoring",
            "fieldConfig": {
               "defaults": {
                  "color": {
                     "mode": "thresholds"
                  },
                  "decimals": 0,
                  "displayName": "${__series.name}",
                  "links": [
                     {
                        "title": "Usage metrics for ${__field.labels.user}",
                        "url": "d/gem---per-tenant-usage/gem-per-tenant-usage?var-user=${__field.labels.user}"
                     }
                  ],
                  "mappings": [
                     {
                        "options": {
                           "match": "nan",
                           "result": {
                              "color": "red",
                              "index": 0,
                              "text": "No limit set"
                           }
                        },
                        "type": "special"
                     }
                  ],
                  "max": 1,
                  "min": 0,
                  "thresholds": {
                     "mode": "percentage",
                     "steps": [
                        {
                           "color": "blue",
                           "value": null
                        },
                        {
                           "color": "#EAB839",
                           "value": 80
                        },
                        {
                           "color": "red",
                           "value": 90
                        }
                     ]
                  },
                  "unit": "percentunit"
               },
               "overrides": [ ]
            },
            "gridPos": {
               "h": 8,
               "w": 17,
               "x": 7,
               "y": 17
            },
            "id": 15,
            "options": {
               "orientation": "auto",
               "reduceOptions": {
                  "calcs": [
                     "lastNotNull"
                  ],
                  "fields": "",
                  "values": false
               },
               "showThresholdLabels": true,
               "showThresholdMarkers": true,
               "text": { }
            },
            "pluginVersion": "8.0.3",
            "targets": [
               {
                  "exemplar": true,
                  "expr": "sum by (user) ( rate(cortex_distributor_received_samples_total[$__rate_interval]) )\n\n/ \n\non(user) group_left\n\nmin by (user) (cortex_limits_overrides{limit_name='ingestion_rate'} > 0)\n\nor on (user)\n\n(sum by (user) ( rate(cortex_distributor_received_samples_total[$__rate_interval]) ) * NaN)\n",
                  "instant": true,
                  "interval": "",
                  "legendFormat": "{{user}}",
                  "queryType": "randomWalk",
                  "refId": "A"
               }
            ],
            "title": "Fraction of ingestion rate limit",
            "type": "gauge"
         },
         {
            "datasource": "GEM system monitoring",
            "description": "The ruler QPS is the query rate from queries issued by the ruler. ",
            "fieldConfig": {
               "defaults": {
                  "color": {
                     "mode": "thresholds"
                  },
                  "displayName": "${__series.name}",
                  "links": [
                     {
                        "title": "Usage metrics for ${__field.labels.user}",
                        "url": "d/gem---per-tenant-usage/gem-per-tenant-usage?var-user=${__field.labels.user}"
                     }
                  ],
                  "mappings": [ ],
                  "thresholds": {
                     "mode": "absolute",
                     "steps": [
                        {
                           "color": "blue",
                           "value": null
                        }
                     ]
                  },
                  "unit": "QPS"
               },
               "overrides": [ ]
            },
            "gridPos": {
               "h": 4,
               "w": 12,
               "x": 0,
               "y": 25
            },
            "id": 12,
            "options": {
               "displayMode": "basic",
               "orientation": "horizontal",
               "reduceOptions": {
                  "calcs": [
                     "lastNotNull"
                  ],
                  "fields": "",
                  "values": false
               },
               "showUnfilled": true,
               "text": { }
            },
            "pluginVersion": "8.0.3",
            "targets": [
               {
                  "exemplar": true,
                  "expr": "sort_desc (sum by (user) (rate(cortex_prometheus_rule_evaluations_total[$__rate_interval]) ) ) ",
                  "instant": true,
                  "interval": "",
                  "legendFormat": "{{user}}",
                  "queryType": "randomWalk",
                  "refId": "A"
               }
            ],
            "title": "Ruler query rate (queries per second)",
            "type": "bargauge"
         },
         {
            "datasource": "GEM system monitoring",
            "description": "The user QPS is all other queries issued outside of the ruler. These may come from human or machine users hitting the /query API. ",
            "fieldConfig": {
               "defaults": {
                  "color": {
                     "mode": "thresholds"
                  },
                  "displayName": "${__series.name}",
                  "links": [
                     {
                        "title": "Usage metrics for ${__field.labels.user}",
                        "url": "d/gem---per-tenant-usage/gem-per-tenant-usage?var-user=${__field.labels.user}"
                     }
                  ],
                  "mappings": [ ],
                  "thresholds": {
                     "mode": "absolute",
                     "steps": [
                        {
                           "color": "blue",
                           "value": null
                        }
                     ]
                  },
                  "unit": "QPS"
               },
               "overrides": [ ]
            },
            "gridPos": {
               "h": 4,
               "w": 12,
               "x": 12,
               "y": 25
            },
            "id": 13,
            "options": {
               "displayMode": "basic",
               "orientation": "horizontal",
               "reduceOptions": {
                  "calcs": [
                     "lastNotNull"
                  ],
                  "fields": "",
                  "values": false
               },
               "showUnfilled": true,
               "text": { }
            },
            "pluginVersion": "8.0.3",
            "targets": [
               {
                  "exemplar": true,
                  "expr": "sort_desc (sum by (user) (rate(cortex_query_frontend_queries_total[$__rate_interval]) ) )",
                  "instant": true,
                  "interval": "",
                  "legendFormat": "{{user}}",
                  "queryType": "randomWalk",
                  "refId": "A"
               }
            ],
            "title": "User query rate (queries per second)",
            "type": "bargauge"
         },
         {
            "datasource": "GEM system monitoring",
            "description": "",
            "fieldConfig": {
               "defaults": {
                  "color": {
                     "mode": "thresholds"
                  },
                  "displayName": "${__series.name}",
                  "links": [
                     {
                        "title": "Usage metrics for ${__field.labels.user}",
                        "url": "d/gem---per-tenant-usage/gem-per-tenant-usage?var-user=${__field.labels.user}"
                     }
                  ],
                  "mappings": [ ],
                  "min": 0,
                  "thresholds": {
                     "mode": "absolute",
                     "steps": [
                        {
                           "color": "blue",
                           "value": null
                        }
                     ]
                  },
                  "unit": "Bps"
               },
               "overrides": [ ]
            },
            "gridPos": {
               "h": 5,
               "w": 24,
               "x": 0,
               "y": 29
            },
            "id": 18,
            "options": {
               "displayMode": "basic",
               "orientation": "horizontal",
               "reduceOptions": {
                  "calcs": [
                     "lastNotNull"
                  ],
                  "fields": "",
                  "values": false
               },
               "showUnfilled": true,
               "text": { }
            },
            "pluginVersion": "8.0.3",
            "targets": [
               {
                  "exemplar": true,
                  "expr": "sort_desc (sum by (user) (rate(cortex_query_fetched_chunks_bytes_total[$__rate_interval])) )",
                  "instant": true,
                  "interval": "",
                  "legendFormat": "{{user}}",
                  "queryType": "randomWalk",
                  "refId": "A"
               }
            ],
            "title": "Query data rate (bytes per second)",
            "type": "bargauge"
         }
      ],
      "refresh": "1m",
      "schemaVersion": 30,
      "style": "dark",
      "tags": [
         "GEM",
         "self-monitoring"
      ],
      "templating": {
         "list": [ ]
      },
      "time": {
         "from": "now-6h",
         "to": "now"
      },
      "timepicker": { },
      "timezone": "",
      "title": "System monitoring overview",
      "uid": "gem---system-monitoring-overview"
   }