{
  "annotations": {
    "list": []
  },
  "editable": false,
  "gnetId": null,
  "graphTooltip": 0,
  "hideControls": false,
  "links": [
    {
      "asDropdown": true,
      "icon": "external link",
      "includeVars": true,
      "keepTime": true,
      "tags": ["GEM", "self-monitoring"],
      "targetBlank": false,
      "title": "GEM system monitoring",
      "type": "dashboards"
    }
  ],
  "refresh": "10s",
  "rows": [
    {
      "collapse": false,
      "height": "250px",
      "panels": [
        {
          "aliasColors": {},
          "bars": false,
          "dashLength": 10,
          "dashes": false,
          "datasource": "GEM system monitoring",
          "fill": 1,
          "id": 1,
          "legend": {
            "avg": false,
            "current": false,
            "max": false,
            "min": false,
            "show": true,
            "total": false,
            "values": false
          },
          "lines": true,
          "linewidth": 1,
          "links": [],
          "nullPointMode": "null as zero",
          "percentage": false,
          "pointradius": 5,
          "points": false,
          "renderer": "flot",
          "seriesOverrides": [],
          "spaceLength": 10,
          "span": 3,
          "stack": false,
          "steppedLine": false,
          "targets": [
            {
              "expr": "histogram_quantile(0.99, sum(rate(cortex_query_frontend_queue_duration_seconds_bucket{target=~\"(.*,)?(query-frontend|all)(,.*)?\"}[$__rate_interval])) by (le)) * 1e3",
              "format": "time_series",
              "intervalFactor": 2,
              "legendFormat": "99th Percentile",
              "refId": "A",
              "step": 10
            },
            {
              "expr": "histogram_quantile(0.50, sum(rate(cortex_query_frontend_queue_duration_seconds_bucket{target=~\"(.*,)?(query-frontend|all)(,.*)?\"}[$__rate_interval])) by (le)) * 1e3",
              "format": "time_series",
              "intervalFactor": 2,
              "legendFormat": "50th Percentile",
              "refId": "B",
              "step": 10
            },
            {
              "expr": "sum(rate(cortex_query_frontend_queue_duration_seconds_sum{target=~\"(.*,)?(query-frontend|all)(,.*)?\"}[$__rate_interval])) * 1e3 / sum(rate(cortex_query_frontend_queue_duration_seconds_count{target=~\"(.*,)?(query-frontend|all)(,.*)?\"}[$__rate_interval]))",
              "format": "time_series",
              "intervalFactor": 2,
              "legendFormat": "Average",
              "refId": "C",
              "step": 10
            }
          ],
          "thresholds": [],
          "timeFrom": null,
          "timeShift": null,
          "title": "Queue duration",
          "tooltip": {
            "shared": false,
            "sort": 0,
            "value_type": "individual"
          },
          "type": "timeseries",
          "xaxis": {
            "buckets": null,
            "mode": "time",
            "name": null,
            "show": true,
            "values": []
          },
          "yaxes": [
            {
              "format": "ms",
              "label": null,
              "logBase": 1,
              "max": null,
              "min": 0,
              "show": true
            },
            {
              "format": "short",
              "label": null,
              "logBase": 1,
              "max": null,
              "min": null,
              "show": false
            }
          ]
        },
        {
          "aliasColors": {},
          "bars": false,
          "dashLength": 10,
          "dashes": false,
          "datasource": "GEM system monitoring",
          "fill": 1,
          "id": 2,
          "legend": {
            "avg": false,
            "current": false,
            "max": false,
            "min": false,
            "show": true,
            "total": false,
            "values": false
          },
          "lines": true,
          "linewidth": 1,
          "links": [],
          "nullPointMode": "null as zero",
          "percentage": false,
          "pointradius": 5,
          "points": false,
          "renderer": "flot",
          "seriesOverrides": [],
          "spaceLength": 10,
          "span": 3,
          "stack": false,
          "steppedLine": false,
          "targets": [
            {
              "expr": "histogram_quantile(0.99, sum(rate(cortex_query_frontend_retries_bucket{target=~\"(.*,)?(query-frontend|all)(,.*)?\"}[$__rate_interval])) by (le)) * 1",
              "format": "time_series",
              "intervalFactor": 2,
              "legendFormat": "99th Percentile",
              "refId": "A",
              "step": 10
            },
            {
              "expr": "histogram_quantile(0.50, sum(rate(cortex_query_frontend_retries_bucket{target=~\"(.*,)?(query-frontend|all)(,.*)?\"}[$__rate_interval])) by (le)) * 1",
              "format": "time_series",
              "intervalFactor": 2,
              "legendFormat": "50th Percentile",
              "refId": "B",
              "step": 10
            },
            {
              "expr": "sum(rate(cortex_query_frontend_retries_sum{target=~\"(.*,)?(query-frontend|all)(,.*)?\"}[$__rate_interval])) * 1 / sum(rate(cortex_query_frontend_retries_count{target=~\"(.*,)?(query-frontend|all)(,.*)?\"}[$__rate_interval]))",
              "format": "time_series",
              "intervalFactor": 2,
              "legendFormat": "Average",
              "refId": "C",
              "step": 10
            }
          ],
          "thresholds": [],
          "timeFrom": null,
          "timeShift": null,
          "title": "Retries",
          "tooltip": {
            "shared": false,
            "sort": 0,
            "value_type": "individual"
          },
          "type": "timeseries",
          "xaxis": {
            "buckets": null,
            "mode": "time",
            "name": null,
            "show": true,
            "values": []
          },
          "yaxes": [
            {
              "format": "short",
              "label": null,
              "logBase": 1,
              "max": null,
              "min": 0,
              "show": true
            },
            {
              "format": "short",
              "label": null,
              "logBase": 1,
              "max": null,
              "min": null,
              "show": false
            }
          ]
        },
        {
          "aliasColors": {},
          "bars": false,
          "dashLength": 10,
          "dashes": false,
          "datasource": "GEM system monitoring",
          "fill": 1,
          "id": 3,
          "legend": {
            "avg": false,
            "current": false,
            "max": false,
            "min": false,
            "show": true,
            "total": false,
            "values": false
          },
          "lines": true,
          "linewidth": 1,
          "links": [],
          "nullPointMode": "null as zero",
          "percentage": false,
          "pointradius": 5,
          "points": false,
          "renderer": "flot",
          "seriesOverrides": [],
          "spaceLength": 10,
          "span": 3,
          "stack": false,
          "steppedLine": false,
          "targets": [
            {
              "expr": "sum by(instance) (cortex_query_frontend_queue_length{target=~\"(.*,)?(query-frontend|all)(,.*)?\"})",
              "format": "time_series",
              "intervalFactor": 2,
              "legendFormat": "{{instance}}",
              "legendLink": null,
              "step": 10
            }
          ],
          "thresholds": [],
          "timeFrom": null,
          "timeShift": null,
          "title": "Queue length (per instance)",
          "tooltip": {
            "shared": false,
            "sort": 0,
            "value_type": "individual"
          },
          "type": "timeseries",
          "xaxis": {
            "buckets": null,
            "mode": "time",
            "name": null,
            "show": true,
            "values": []
          },
          "yaxes": [
            {
              "format": "short",
              "label": null,
              "logBase": 1,
              "max": null,
              "min": 0,
              "show": true
            },
            {
              "format": "short",
              "label": null,
              "logBase": 1,
              "max": null,
              "min": null,
              "show": false
            }
          ]
        },
        {
          "aliasColors": {},
          "bars": false,
          "dashLength": 10,
          "dashes": false,
          "datasource": "GEM system monitoring",
          "fill": 1,
          "id": 4,
          "legend": {
            "avg": false,
            "current": false,
            "max": false,
            "min": false,
            "show": true,
            "total": false,
            "values": false
          },
          "lines": true,
          "linewidth": 1,
          "links": [],
          "nullPointMode": "null as zero",
          "percentage": false,
          "pointradius": 5,
          "points": false,
          "renderer": "flot",
          "seriesOverrides": [],
          "spaceLength": 10,
          "span": 3,
          "stack": false,
          "steppedLine": false,
          "targets": [
            {
              "expr": "sum by(user) (cortex_query_frontend_queue_length{target=~\"(.*,)?(query-frontend|all)(,.*)?\"}) > 0",
              "format": "time_series",
              "intervalFactor": 2,
              "legendFormat": "{{user}}",
              "legendLink": null,
              "step": 10
            }
          ],
          "thresholds": [],
          "timeFrom": null,
          "timeShift": null,
          "title": "Queue length (per user)",
          "tooltip": {
            "shared": false,
            "sort": 0,
            "value_type": "individual"
          },
          "type": "timeseries",
          "xaxis": {
            "buckets": null,
            "mode": "time",
            "name": null,
            "show": true,
            "values": []
          },
          "yaxes": [
            {
              "format": "short",
              "label": null,
              "logBase": 1,
              "max": null,
              "min": 0,
              "show": true
            },
            {
              "format": "short",
              "label": null,
              "logBase": 1,
              "max": null,
              "min": null,
              "show": false
            }
          ]
        }
      ],
      "repeat": null,
      "repeatIteration": null,
      "repeatRowId": null,
      "showTitle": true,
      "title": "Query-frontend",
      "titleSize": "h6"
    },
    {
      "collapse": false,
      "height": "250px",
      "panels": [
        {
          "aliasColors": {},
          "bars": false,
          "dashLength": 10,
          "dashes": false,
          "datasource": "GEM system monitoring",
          "fill": 1,
          "id": 5,
          "legend": {
            "avg": false,
            "current": false,
            "max": false,
            "min": false,
            "show": true,
            "total": false,
            "values": false
          },
          "lines": true,
          "linewidth": 1,
          "links": [],
          "nullPointMode": "null as zero",
          "percentage": false,
          "pointradius": 5,
          "points": false,
          "renderer": "flot",
          "seriesOverrides": [],
          "spaceLength": 10,
          "span": 4,
          "stack": false,
          "steppedLine": false,
          "targets": [
            {
              "expr": "histogram_quantile(0.99, sum(rate(cortex_query_scheduler_queue_duration_seconds_bucket{target=~\"(.*,)?query-scheduler(,.*)?\"}[$__rate_interval])) by (le)) * 1e3",
              "format": "time_series",
              "intervalFactor": 2,
              "legendFormat": "99th Percentile",
              "refId": "A",
              "step": 10
            },
            {
              "expr": "histogram_quantile(0.50, sum(rate(cortex_query_scheduler_queue_duration_seconds_bucket{target=~\"(.*,)?query-scheduler(,.*)?\"}[$__rate_interval])) by (le)) * 1e3",
              "format": "time_series",
              "intervalFactor": 2,
              "legendFormat": "50th Percentile",
              "refId": "B",
              "step": 10
            },
            {
              "expr": "sum(rate(cortex_query_scheduler_queue_duration_seconds_sum{target=~\"(.*,)?query-scheduler(,.*)?\"}[$__rate_interval])) * 1e3 / sum(rate(cortex_query_scheduler_queue_duration_seconds_count{target=~\"(.*,)?query-scheduler(,.*)?\"}[$__rate_interval]))",
              "format": "time_series",
              "intervalFactor": 2,
              "legendFormat": "Average",
              "refId": "C",
              "step": 10
            }
          ],
          "thresholds": [],
          "timeFrom": null,
          "timeShift": null,
          "title": "Queue duration",
          "tooltip": {
            "shared": false,
            "sort": 0,
            "value_type": "individual"
          },
          "type": "timeseries",
          "xaxis": {
            "buckets": null,
            "mode": "time",
            "name": null,
            "show": true,
            "values": []
          },
          "yaxes": [
            {
              "format": "ms",
              "label": null,
              "logBase": 1,
              "max": null,
              "min": 0,
              "show": true
            },
            {
              "format": "short",
              "label": null,
              "logBase": 1,
              "max": null,
              "min": null,
              "show": false
            }
          ]
        },
        {
          "aliasColors": {},
          "bars": false,
          "dashLength": 10,
          "dashes": false,
          "datasource": "GEM system monitoring",
          "fill": 1,
          "id": 6,
          "legend": {
            "avg": false,
            "current": false,
            "max": false,
            "min": false,
            "show": true,
            "total": false,
            "values": false
          },
          "lines": true,
          "linewidth": 1,
          "links": [],
          "nullPointMode": "null as zero",
          "percentage": false,
          "pointradius": 5,
          "points": false,
          "renderer": "flot",
          "seriesOverrides": [],
          "spaceLength": 10,
          "span": 4,
          "stack": false,
          "steppedLine": false,
          "targets": [
            {
              "expr": "sum by(instance) (cortex_query_scheduler_queue_length{target=~\"(.*,)?query-scheduler(,.*)?\"})",
              "format": "time_series",
              "intervalFactor": 2,
              "legendFormat": "{{instance}}",
              "legendLink": null,
              "step": 10
            }
          ],
          "thresholds": [],
          "timeFrom": null,
          "timeShift": null,
          "title": "Queue length (per instance)",
          "tooltip": {
            "shared": false,
            "sort": 0,
            "value_type": "individual"
          },
          "type": "timeseries",
          "xaxis": {
            "buckets": null,
            "mode": "time",
            "name": null,
            "show": true,
            "values": []
          },
          "yaxes": [
            {
              "format": "short",
              "label": null,
              "logBase": 1,
              "max": null,
              "min": 0,
              "show": true
            },
            {
              "format": "short",
              "label": null,
              "logBase": 1,
              "max": null,
              "min": null,
              "show": false
            }
          ]
        },
        {
          "aliasColors": {},
          "bars": false,
          "dashLength": 10,
          "dashes": false,
          "datasource": "GEM system monitoring",
          "fill": 1,
          "id": 7,
          "legend": {
            "avg": false,
            "current": false,
            "max": false,
            "min": false,
            "show": true,
            "total": false,
            "values": false
          },
          "lines": true,
          "linewidth": 1,
          "links": [],
          "nullPointMode": "null as zero",
          "percentage": false,
          "pointradius": 5,
          "points": false,
          "renderer": "flot",
          "seriesOverrides": [],
          "spaceLength": 10,
          "span": 4,
          "stack": false,
          "steppedLine": false,
          "targets": [
            {
              "expr": "sum by(user) (cortex_query_scheduler_queue_length{target=~\"(.*,)?query-scheduler(,.*)?\"}) > 0",
              "format": "time_series",
              "intervalFactor": 2,
              "legendFormat": "{{user}}",
              "legendLink": null,
              "step": 10
            }
          ],
          "thresholds": [],
          "timeFrom": null,
          "timeShift": null,
          "title": "Queue length (per user)",
          "tooltip": {
            "shared": false,
            "sort": 0,
            "value_type": "individual"
          },
          "type": "timeseries",
          "xaxis": {
            "buckets": null,
            "mode": "time",
            "name": null,
            "show": true,
            "values": []
          },
          "yaxes": [
            {
              "format": "short",
              "label": null,
              "logBase": 1,
              "max": null,
              "min": 0,
              "show": true
            },
            {
              "format": "short",
              "label": null,
              "logBase": 1,
              "max": null,
              "min": null,
              "show": false
            }
          ]
        }
      ],
      "repeat": null,
      "repeatIteration": null,
      "repeatRowId": null,
      "showTitle": true,
      "title": "Query-scheduler",
      "titleSize": "h6"
    },
    {
      "collapse": false,
      "height": "250px",
      "panels": [
        {
          "aliasColors": {},
          "bars": false,
          "dashLength": 10,
          "dashes": false,
          "datasource": "GEM system monitoring",
          "description": "### Intervals per query\nThe average number of split queries (partitioned by time) executed a single input query.\n\n",
          "fill": 1,
          "id": 8,
          "legend": {
            "avg": false,
            "current": false,
            "max": false,
            "min": false,
            "show": true,
            "total": false,
            "values": false
          },
          "lines": true,
          "linewidth": 1,
          "links": [],
          "nullPointMode": "null as zero",
          "percentage": false,
          "pointradius": 5,
          "points": false,
          "renderer": "flot",
          "seriesOverrides": [],
          "spaceLength": 10,
          "span": 3,
          "stack": false,
          "steppedLine": false,
          "targets": [
            {
              "expr": "sum(rate(cortex_frontend_split_queries_total{target=~\"(.*,)?(query-frontend|all)(,.*)?\"}[$__rate_interval])) / sum(rate(cortex_frontend_query_range_duration_seconds_count{target=~\"(.*,)?(query-frontend|all)(,.*)?\", method=\"split_by_interval_and_results_cache\"}[$__rate_interval]))",
              "format": "time_series",
              "intervalFactor": 2,
              "legendFormat": "splitting rate",
              "legendLink": null,
              "step": 10
            }
          ],
          "thresholds": [],
          "timeFrom": null,
          "timeShift": null,
          "title": "Intervals per query",
          "tooltip": {
            "shared": false,
            "sort": 0,
            "value_type": "individual"
          },
          "type": "timeseries",
          "xaxis": {
            "buckets": null,
            "mode": "time",
            "name": null,
            "show": true,
            "values": []
          },
          "yaxes": [
            {
              "format": "short",
              "label": null,
              "logBase": 1,
              "max": null,
              "min": 0,
              "show": true
            },
            {
              "format": "short",
              "label": null,
              "logBase": 1,
              "max": null,
              "min": null,
              "show": false
            }
          ]
        },
        {
          "aliasColors": {},
          "bars": false,
          "dashLength": 10,
          "dashes": false,
          "datasource": "GEM system monitoring",
          "fill": 1,
          "id": 9,
          "legend": {
            "avg": false,
            "current": false,
            "max": false,
            "min": false,
            "show": true,
            "total": false,
            "values": false
          },
          "lines": true,
          "linewidth": 1,
          "links": [],
          "nullPointMode": "null as zero",
          "percentage": false,
          "pointradius": 5,
          "points": false,
          "renderer": "flot",
          "seriesOverrides": [],
          "spaceLength": 10,
          "span": 3,
          "stack": false,
          "steppedLine": false,
          "targets": [
            {
              "expr": "# Query metrics before and after migration to new memcached backend.\nsum (\n  rate(cortex_cache_hits{name=~\"frontend.+\", target=~\"(.*,)?(query-frontend|all)(,.*)?\"}[$__rate_interval])\n  or\n  rate(thanos_cache_memcached_hits_total{name=\"frontend-cache\", target=~\"(.*,)?(query-frontend|all)(,.*)?\"}[$__rate_interval])\n)\n/\nsum (\n  rate(cortex_cache_fetched_keys{name=~\"frontend.+\", target=~\"(.*,)?(query-frontend|all)(,.*)?\"}[$__rate_interval])\n  or\n  rate(thanos_cache_memcached_requests_total{name=~\"frontend-cache\", target=~\"(.*,)?(query-frontend|all)(,.*)?\"}[$__rate_interval])\n)\n",
              "format": "time_series",
              "intervalFactor": 2,
              "legendFormat": "Hit ratio",
              "legendLink": null,
              "step": 10
            }
          ],
          "thresholds": [],
          "timeFrom": null,
          "timeShift": null,
          "title": "Query results cache hit ratio",
          "tooltip": {
            "shared": false,
            "sort": 0,
            "value_type": "individual"
          },
          "type": "timeseries",
          "xaxis": {
            "buckets": null,
            "mode": "time",
            "name": null,
            "show": true,
            "values": []
          },
          "yaxes": [
            {
              "format": "percentunit",
              "label": null,
              "logBase": 1,
              "max": 1,
              "min": 0,
              "show": true
            },
            {
              "format": "short",
              "label": null,
              "logBase": 1,
              "max": null,
              "min": null,
              "show": false
            }
          ]
        },
        {
          "aliasColors": {},
          "bars": false,
          "dashLength": 10,
          "dashes": false,
          "datasource": "GEM system monitoring",
          "fill": 1,
          "id": 10,
          "legend": {
            "avg": false,
            "current": false,
            "max": false,
            "min": false,
            "show": true,
            "total": false,
            "values": false
          },
          "lines": true,
          "linewidth": 1,
          "links": [],
          "nullPointMode": "null as zero",
          "percentage": false,
          "pointradius": 5,
          "points": false,
          "renderer": "flot",
          "seriesOverrides": [],
          "spaceLength": 10,
          "span": 3,
          "stack": false,
          "steppedLine": false,
          "targets": [
            {
              "expr": "# Query metrics before and after migration to new memcached backend.\nsum (\n  rate(cortex_cache_fetched_keys{name=~\"frontend.+\", target=~\"(.*,)?(query-frontend|all)(,.*)?\"}[$__rate_interval])\n  or\n  rate(thanos_cache_memcached_requests_total{name=\"frontend-cache\", target=~\"(.*,)?(query-frontend|all)(,.*)?\"}[$__rate_interval])\n)\n-\nsum (\n  rate(cortex_cache_hits{name=~\"frontend.+\", target=~\"(.*,)?(query-frontend|all)(,.*)?\"}[$__rate_interval])\n  or\n  rate(thanos_cache_memcached_hits_total{name=~\"frontend-cache\", target=~\"(.*,)?(query-frontend|all)(,.*)?\"}[$__rate_interval])\n)\n",
              "format": "time_series",
              "intervalFactor": 2,
              "legendFormat": "Missed query results per second",
              "legendLink": null,
              "step": 10
            }
          ],
          "thresholds": [],
          "timeFrom": null,
          "timeShift": null,
          "title": "Query results cache misses",
          "tooltip": {
            "shared": false,
            "sort": 0,
            "value_type": "individual"
          },
          "type": "timeseries",
          "xaxis": {
            "buckets": null,
            "mode": "time",
            "name": null,
            "show": true,
            "values": []
          },
          "yaxes": [
            {
              "format": "short",
              "label": null,
              "logBase": 1,
              "max": null,
              "min": 0,
              "show": true
            },
            {
              "format": "short",
              "label": null,
              "logBase": 1,
              "max": null,
              "min": null,
              "show": false
            }
          ]
        },
        {
          "aliasColors": {},
          "bars": false,
          "dashLength": 10,
          "dashes": false,
          "datasource": "GEM system monitoring",
          "description": "### Query results cache skipped\nThe % of queries whose results could not be cached.\nIt is tracked for each split query when the splitting by interval is enabled.\n\n",
          "fill": 10,
          "id": 11,
          "legend": {
            "avg": false,
            "current": false,
            "max": false,
            "min": false,
            "show": true,
            "total": false,
            "values": false
          },
          "lines": true,
          "linewidth": 0,
          "links": [],
          "nullPointMode": "null as zero",
          "percentage": false,
          "pointradius": 5,
          "points": false,
          "renderer": "flot",
          "seriesOverrides": [],
          "spaceLength": 10,
          "span": 3,
          "stack": true,
          "steppedLine": false,
          "targets": [
            {
              "expr": "sum(rate(cortex_frontend_query_result_cache_skipped_total{target=~\"(.*,)?(query-frontend|all)(,.*)?\"}[$__rate_interval])) by (reason) /\nignoring (reason) group_left sum(rate(cortex_frontend_query_result_cache_attempted_total{target=~\"(.*,)?(query-frontend|all)(,.*)?\"}[$__rate_interval]))\n",
              "format": "time_series",
              "intervalFactor": 2,
              "legendFormat": "{{reason}}",
              "legendLink": null,
              "step": 10
            }
          ],
          "thresholds": [],
          "timeFrom": null,
          "timeShift": null,
          "title": "Query results cache skipped",
          "tooltip": {
            "shared": false,
            "sort": 0,
            "value_type": "individual"
          },
          "type": "timeseries",
          "xaxis": {
            "buckets": null,
            "mode": "time",
            "name": null,
            "show": true,
            "values": []
          },
          "yaxes": [
            {
              "format": "percentunit",
              "label": null,
              "logBase": 1,
              "max": 1,
              "min": 0,
              "show": true
            },
            {
              "format": "short",
              "label": null,
              "logBase": 1,
              "max": null,
              "min": null,
              "show": false
            }
          ]
        }
      ],
      "repeat": null,
      "repeatIteration": null,
      "repeatRowId": null,
      "showTitle": true,
      "title": "Query-frontend - query splitting and results cache",
      "titleSize": "h6"
    },
    {
      "collapse": false,
      "height": "250px",
      "panels": [
        {
          "aliasColors": {},
          "bars": false,
          "dashLength": 10,
          "dashes": false,
          "datasource": "GEM system monitoring",
          "description": "### Sharded queries ratio\nThe % of queries that have been successfully rewritten and executed in a shardable way.\nThis panel only takes into account the type of queries that are supported by query sharding (eg. range queries).\n\n",
          "fill": 1,
          "id": 12,
          "legend": {
            "avg": false,
            "current": false,
            "max": false,
            "min": false,
            "show": true,
            "total": false,
            "values": false
          },
          "lines": true,
          "linewidth": 1,
          "links": [],
          "nullPointMode": "null as zero",
          "percentage": false,
          "pointradius": 5,
          "points": false,
          "renderer": "flot",
          "seriesOverrides": [],
          "spaceLength": 10,
          "span": 6,
          "stack": false,
          "steppedLine": false,
          "targets": [
            {
              "expr": "sum(rate(cortex_frontend_query_sharding_rewrites_succeeded_total{target=~\"(.*,)?(query-frontend|all)(,.*)?\"}[$__rate_interval])) /\nsum(rate(cortex_frontend_query_sharding_rewrites_attempted_total{target=~\"(.*,)?(query-frontend|all)(,.*)?\"}[$__rate_interval]))\n",
              "format": "time_series",
              "intervalFactor": 2,
              "legendFormat": "sharded queries ratio",
              "legendLink": null,
              "step": 10
            }
          ],
          "thresholds": [],
          "timeFrom": null,
          "timeShift": null,
          "title": "Sharded queries ratio",
          "tooltip": {
            "shared": false,
            "sort": 0,
            "value_type": "individual"
          },
          "type": "timeseries",
          "xaxis": {
            "buckets": null,
            "mode": "time",
            "name": null,
            "show": true,
            "values": []
          },
          "yaxes": [
            {
              "format": "percentunit",
              "label": null,
              "logBase": 1,
              "max": 1,
              "min": 0,
              "show": true
            },
            {
              "format": "short",
              "label": null,
              "logBase": 1,
              "max": null,
              "min": null,
              "show": false
            }
          ]
        },
        {
          "aliasColors": {},
          "bars": false,
          "dashLength": 10,
          "dashes": false,
          "datasource": "GEM system monitoring",
          "description": "### Number of sharded queries per query\nThe number of sharded queries that have been executed for a single input query. It only tracks queries that\nhave been successfully rewritten in a shardable way.\n\n",
          "fill": 1,
          "id": 13,
          "legend": {
            "avg": false,
            "current": false,
            "max": false,
            "min": false,
            "show": true,
            "total": false,
            "values": false
          },
          "lines": true,
          "linewidth": 1,
          "links": [],
          "nullPointMode": "null as zero",
          "percentage": false,
          "pointradius": 5,
          "points": false,
          "renderer": "flot",
          "seriesOverrides": [],
          "spaceLength": 10,
          "span": 6,
          "stack": false,
          "steppedLine": false,
          "targets": [
            {
              "expr": "histogram_quantile(0.99, sum(rate(cortex_frontend_sharded_queries_per_query_bucket{target=~\"(.*,)?(query-frontend|all)(,.*)?\"}[$__rate_interval])) by (le)) * 1",
              "format": "time_series",
              "intervalFactor": 2,
              "legendFormat": "99th Percentile",
              "refId": "A",
              "step": 10
            },
            {
              "expr": "histogram_quantile(0.50, sum(rate(cortex_frontend_sharded_queries_per_query_bucket{target=~\"(.*,)?(query-frontend|all)(,.*)?\"}[$__rate_interval])) by (le)) * 1",
              "format": "time_series",
              "intervalFactor": 2,
              "legendFormat": "50th Percentile",
              "refId": "B",
              "step": 10
            },
            {
              "expr": "sum(rate(cortex_frontend_sharded_queries_per_query_sum{target=~\"(.*,)?(query-frontend|all)(,.*)?\"}[$__rate_interval])) * 1 / sum(rate(cortex_frontend_sharded_queries_per_query_count{target=~\"(.*,)?(query-frontend|all)(,.*)?\"}[$__rate_interval]))",
              "format": "time_series",
              "intervalFactor": 2,
              "legendFormat": "Average",
              "refId": "C",
              "step": 10
            }
          ],
          "thresholds": [],
          "timeFrom": null,
          "timeShift": null,
          "title": "Number of sharded queries per query",
          "tooltip": {
            "shared": false,
            "sort": 0,
            "value_type": "individual"
          },
          "type": "timeseries",
          "xaxis": {
            "buckets": null,
            "mode": "time",
            "name": null,
            "show": true,
            "values": []
          },
          "yaxes": [
            {
              "format": "short",
              "label": null,
              "logBase": 1,
              "max": null,
              "min": 0,
              "show": true
            },
            {
              "format": "short",
              "label": null,
              "logBase": 1,
              "max": null,
              "min": null,
              "show": false
            }
          ]
        }
      ],
      "repeat": null,
      "repeatIteration": null,
      "repeatRowId": null,
      "showTitle": true,
      "title": "Query-frontend - query sharding",
      "titleSize": "h6"
    },
    {
      "collapse": false,
      "height": "250px",
      "panels": [
        {
          "aliasColors": {},
          "bars": false,
          "dashLength": 10,
          "dashes": false,
          "datasource": "GEM system monitoring",
          "fill": 10,
          "id": 14,
          "legend": {
            "avg": false,
            "current": false,
            "max": false,
            "min": false,
            "show": true,
            "total": false,
            "values": false
          },
          "lines": true,
          "linewidth": 0,
          "links": [],
          "nullPointMode": "null as zero",
          "percentage": false,
          "pointradius": 5,
          "points": false,
          "renderer": "flot",
          "seriesOverrides": [],
          "spaceLength": 10,
          "span": 12,
          "stack": true,
          "steppedLine": false,
          "targets": [
            {
              "expr": "max by (slice) (prometheus_engine_query_duration_seconds{quantile=\"0.9\",target=~\"(.*,)?(querier|all)(,.*)?\"}) * 1e3",
              "format": "time_series",
              "intervalFactor": 2,
              "legendFormat": "{{slice}}",
              "legendLink": null,
              "step": 10
            }
          ],
          "thresholds": [],
          "timeFrom": null,
          "timeShift": null,
          "title": "Stages",
          "tooltip": {
            "shared": false,
            "sort": 0,
            "value_type": "individual"
          },
          "type": "timeseries",
          "xaxis": {
            "buckets": null,
            "mode": "time",
            "name": null,
            "show": true,
            "values": []
          },
          "yaxes": [
            {
              "format": "ms",
              "label": null,
              "logBase": 1,
              "max": null,
              "min": 0,
              "show": true
            },
            {
              "format": "short",
              "label": null,
              "logBase": 1,
              "max": null,
              "min": null,
              "show": false
            }
          ]
        }
      ],
      "repeat": null,
      "repeatIteration": null,
      "repeatRowId": null,
      "showTitle": true,
      "title": "Querier",
      "titleSize": "h6"
    },
    {
      "collapse": false,
      "height": "250px",
      "panels": [
        {
          "aliasColors": {},
          "bars": false,
          "dashLength": 10,
          "dashes": false,
          "datasource": "GEM system monitoring",
          "fill": 1,
          "id": 15,
          "legend": {
            "avg": false,
            "current": false,
            "max": false,
            "min": false,
            "show": true,
            "total": false,
            "values": false
          },
          "lines": true,
          "linewidth": 1,
          "links": [],
          "nullPointMode": "null as zero",
          "percentage": false,
          "pointradius": 5,
          "points": false,
          "renderer": "flot",
          "seriesOverrides": [],
          "spaceLength": 10,
          "span": 4,
          "stack": false,
          "steppedLine": false,
          "targets": [
            {
              "expr": "histogram_quantile(0.99, sum by (le) (target:cortex_ingester_queried_series_bucket:sum_rate{target=~\"(.*,)?(ingester|all)(,.*)?\"})) * 1",
              "format": "time_series",
              "intervalFactor": 2,
              "legendFormat": "99th Percentile",
              "refId": "A",
              "step": 10
            },
            {
              "expr": "histogram_quantile(0.50, sum by (le) (target:cortex_ingester_queried_series_bucket:sum_rate{target=~\"(.*,)?(ingester|all)(,.*)?\"})) * 1",
              "format": "time_series",
              "intervalFactor": 2,
              "legendFormat": "50th Percentile",
              "refId": "B",
              "step": 10
            },
            {
              "expr": "1 * sum(target:cortex_ingester_queried_series_sum:sum_rate{target=~\"(.*,)?(ingester|all)(,.*)?\"}) / sum(target:cortex_ingester_queried_series_count:sum_rate{target=~\"(.*,)?(ingester|all)(,.*)?\"})",
              "format": "time_series",
              "intervalFactor": 2,
              "legendFormat": "Average",
              "refId": "C",
              "step": 10
            }
          ],
          "thresholds": [],
          "timeFrom": null,
          "timeShift": null,
          "title": "Series per query",
          "tooltip": {
            "shared": false,
            "sort": 0,
            "value_type": "individual"
          },
          "type": "timeseries",
          "xaxis": {
            "buckets": null,
            "mode": "time",
            "name": null,
            "show": true,
            "values": []
          },
          "yaxes": [
            {
              "format": "short",
              "label": null,
              "logBase": 1,
              "max": null,
              "min": 0,
              "show": true
            },
            {
              "format": "short",
              "label": null,
              "logBase": 1,
              "max": null,
              "min": null,
              "show": false
            }
          ]
        },
        {
          "aliasColors": {},
          "bars": false,
          "dashLength": 10,
          "dashes": false,
          "datasource": "GEM system monitoring",
          "fill": 1,
          "id": 16,
          "legend": {
            "avg": false,
            "current": false,
            "max": false,
            "min": false,
            "show": true,
            "total": false,
            "values": false
          },
          "lines": true,
          "linewidth": 1,
          "links": [],
          "nullPointMode": "null as zero",
          "percentage": false,
          "pointradius": 5,
          "points": false,
          "renderer": "flot",
          "seriesOverrides": [],
          "spaceLength": 10,
          "span": 4,
          "stack": false,
          "steppedLine": false,
          "targets": [
            {
              "expr": "histogram_quantile(0.99, sum by (le) (target:cortex_ingester_queried_samples_bucket:sum_rate{target=~\"(.*,)?(ingester|all)(,.*)?\"})) * 1",
              "format": "time_series",
              "intervalFactor": 2,
              "legendFormat": "99th Percentile",
              "refId": "A",
              "step": 10
            },
            {
              "expr": "histogram_quantile(0.50, sum by (le) (target:cortex_ingester_queried_samples_bucket:sum_rate{target=~\"(.*,)?(ingester|all)(,.*)?\"})) * 1",
              "format": "time_series",
              "intervalFactor": 2,
              "legendFormat": "50th Percentile",
              "refId": "B",
              "step": 10
            },
            {
              "expr": "1 * sum(target:cortex_ingester_queried_samples_sum:sum_rate{target=~\"(.*,)?(ingester|all)(,.*)?\"}) / sum(target:cortex_ingester_queried_samples_count:sum_rate{target=~\"(.*,)?(ingester|all)(,.*)?\"})",
              "format": "time_series",
              "intervalFactor": 2,
              "legendFormat": "Average",
              "refId": "C",
              "step": 10
            }
          ],
          "thresholds": [],
          "timeFrom": null,
          "timeShift": null,
          "title": "Samples per query",
          "tooltip": {
            "shared": false,
            "sort": 0,
            "value_type": "individual"
          },
          "type": "timeseries",
          "xaxis": {
            "buckets": null,
            "mode": "time",
            "name": null,
            "show": true,
            "values": []
          },
          "yaxes": [
            {
              "format": "short",
              "label": null,
              "logBase": 1,
              "max": null,
              "min": 0,
              "show": true
            },
            {
              "format": "short",
              "label": null,
              "logBase": 1,
              "max": null,
              "min": null,
              "show": false
            }
          ]
        },
        {
          "aliasColors": {},
          "bars": false,
          "dashLength": 10,
          "dashes": false,
          "datasource": "GEM system monitoring",
          "fill": 1,
          "id": 17,
          "legend": {
            "avg": false,
            "current": false,
            "max": false,
            "min": false,
            "show": true,
            "total": false,
            "values": false
          },
          "lines": true,
          "linewidth": 1,
          "links": [],
          "nullPointMode": "null as zero",
          "percentage": false,
          "pointradius": 5,
          "points": false,
          "renderer": "flot",
          "seriesOverrides": [],
          "spaceLength": 10,
          "span": 4,
          "stack": false,
          "steppedLine": false,
          "targets": [
            {
              "expr": "histogram_quantile(0.99, sum by (le) (target:cortex_ingester_queried_exemplars_bucket:sum_rate{target=~\"(.*,)?(ingester|all)(,.*)?\"})) * 1",
              "format": "time_series",
              "intervalFactor": 2,
              "legendFormat": "99th Percentile",
              "refId": "A",
              "step": 10
            },
            {
              "expr": "histogram_quantile(0.50, sum by (le) (target:cortex_ingester_queried_exemplars_bucket:sum_rate{target=~\"(.*,)?(ingester|all)(,.*)?\"})) * 1",
              "format": "time_series",
              "intervalFactor": 2,
              "legendFormat": "50th Percentile",
              "refId": "B",
              "step": 10
            },
            {
              "expr": "1 * sum(target:cortex_ingester_queried_exemplars_sum:sum_rate{target=~\"(.*,)?(ingester|all)(,.*)?\"}) / sum(target:cortex_ingester_queried_exemplars_count:sum_rate{target=~\"(.*,)?(ingester|all)(,.*)?\"})",
              "format": "time_series",
              "intervalFactor": 2,
              "legendFormat": "Average",
              "refId": "C",
              "step": 10
            }
          ],
          "thresholds": [],
          "timeFrom": null,
          "timeShift": null,
          "title": "Exemplars per query",
          "tooltip": {
            "shared": false,
            "sort": 0,
            "value_type": "individual"
          },
          "type": "timeseries",
          "xaxis": {
            "buckets": null,
            "mode": "time",
            "name": null,
            "show": true,
            "values": []
          },
          "yaxes": [
            {
              "format": "short",
              "label": null,
              "logBase": 1,
              "max": null,
              "min": 0,
              "show": true
            },
            {
              "format": "short",
              "label": null,
              "logBase": 1,
              "max": null,
              "min": null,
              "show": false
            }
          ]
        }
      ],
      "repeat": null,
      "repeatIteration": null,
      "repeatRowId": null,
      "showTitle": true,
      "title": "Ingester",
      "titleSize": "h6"
    },
    {
      "collapse": false,
      "height": "250px",
      "panels": [
        {
          "aliasColors": {},
          "bars": false,
          "dashLength": 10,
          "dashes": false,
          "datasource": "GEM system monitoring",
          "fill": 1,
          "id": 18,
          "legend": {
            "avg": false,
            "current": false,
            "max": false,
            "min": false,
            "show": true,
            "total": false,
            "values": false
          },
          "lines": true,
          "linewidth": 1,
          "links": [],
          "nullPointMode": "null as zero",
          "percentage": false,
          "pointradius": 5,
          "points": false,
          "renderer": "flot",
          "seriesOverrides": [],
          "spaceLength": 10,
          "span": 4,
          "stack": false,
          "steppedLine": false,
          "targets": [
            {
              "expr": "histogram_quantile(0.99, sum(rate(cortex_querier_storegateway_instances_hit_per_query_bucket{target=~\"(.*,)?(querier|all)(,.*)?\"}[$__rate_interval])) by (le)) * 1",
              "format": "time_series",
              "intervalFactor": 2,
              "legendFormat": "99th Percentile",
              "refId": "A",
              "step": 10
            },
            {
              "expr": "histogram_quantile(0.50, sum(rate(cortex_querier_storegateway_instances_hit_per_query_bucket{target=~\"(.*,)?(querier|all)(,.*)?\"}[$__rate_interval])) by (le)) * 1",
              "format": "time_series",
              "intervalFactor": 2,
              "legendFormat": "50th Percentile",
              "refId": "B",
              "step": 10
            },
            {
              "expr": "sum(rate(cortex_querier_storegateway_instances_hit_per_query_sum{target=~\"(.*,)?(querier|all)(,.*)?\"}[$__rate_interval])) * 1 / sum(rate(cortex_querier_storegateway_instances_hit_per_query_count{target=~\"(.*,)?(querier|all)(,.*)?\"}[$__rate_interval]))",
              "format": "time_series",
              "intervalFactor": 2,
              "legendFormat": "Average",
              "refId": "C",
              "step": 10
            }
          ],
          "thresholds": [],
          "timeFrom": null,
          "timeShift": null,
          "title": "Number of store-gateways hit per query",
          "tooltip": {
            "shared": false,
            "sort": 0,
            "value_type": "individual"
          },
          "type": "timeseries",
          "xaxis": {
            "buckets": null,
            "mode": "time",
            "name": null,
            "show": true,
            "values": []
          },
          "yaxes": [
            {
              "format": "short",
              "label": null,
              "logBase": 1,
              "max": null,
              "min": 0,
              "show": true
            },
            {
              "format": "short",
              "label": null,
              "logBase": 1,
              "max": null,
              "min": null,
              "show": false
            }
          ]
        },
        {
          "aliasColors": {},
          "bars": false,
          "dashLength": 10,
          "dashes": false,
          "datasource": "GEM system monitoring",
          "fill": 1,
          "id": 19,
          "legend": {
            "avg": false,
            "current": false,
            "max": false,
            "min": false,
            "show": true,
            "total": false,
            "values": false
          },
          "lines": true,
          "linewidth": 1,
          "links": [],
          "nullPointMode": "null as zero",
          "percentage": false,
          "pointradius": 5,
          "points": false,
          "renderer": "flot",
          "seriesOverrides": [],
          "spaceLength": 10,
          "span": 4,
          "stack": false,
          "steppedLine": false,
          "targets": [
            {
              "expr": "histogram_quantile(0.99, sum(rate(cortex_querier_storegateway_refetches_per_query_bucket{target=~\"(.*,)?(querier|all)(,.*)?\"}[$__rate_interval])) by (le)) * 1",
              "format": "time_series",
              "intervalFactor": 2,
              "legendFormat": "99th Percentile",
              "refId": "A",
              "step": 10
            },
            {
              "expr": "histogram_quantile(0.50, sum(rate(cortex_querier_storegateway_refetches_per_query_bucket{target=~\"(.*,)?(querier|all)(,.*)?\"}[$__rate_interval])) by (le)) * 1",
              "format": "time_series",
              "intervalFactor": 2,
              "legendFormat": "50th Percentile",
              "refId": "B",
              "step": 10
            },
            {
              "expr": "sum(rate(cortex_querier_storegateway_refetches_per_query_sum{target=~\"(.*,)?(querier|all)(,.*)?\"}[$__rate_interval])) * 1 / sum(rate(cortex_querier_storegateway_refetches_per_query_count{target=~\"(.*,)?(querier|all)(,.*)?\"}[$__rate_interval]))",
              "format": "time_series",
              "intervalFactor": 2,
              "legendFormat": "Average",
              "refId": "C",
              "step": 10
            }
          ],
          "thresholds": [],
          "timeFrom": null,
          "timeShift": null,
          "title": "Refetches of missing blocks per query",
          "tooltip": {
            "shared": false,
            "sort": 0,
            "value_type": "individual"
          },
          "type": "timeseries",
          "xaxis": {
            "buckets": null,
            "mode": "time",
            "name": null,
            "show": true,
            "values": []
          },
          "yaxes": [
            {
              "format": "short",
              "label": null,
              "logBase": 1,
              "max": null,
              "min": 0,
              "show": true
            },
            {
              "format": "short",
              "label": null,
              "logBase": 1,
              "max": null,
              "min": null,
              "show": false
            }
          ]
        },
        {
          "aliasColors": {
            "Failure Rate": "#E24D42"
          },
          "bars": false,
          "dashLength": 10,
          "dashes": false,
          "datasource": "GEM system monitoring",
          "fill": 1,
          "id": 20,
          "legend": {
            "avg": false,
            "current": false,
            "max": false,
            "min": false,
            "show": true,
            "total": false,
            "values": false
          },
          "lines": true,
          "linewidth": 1,
          "links": [],
          "nullPointMode": "null as zero",
          "percentage": false,
          "pointradius": 5,
          "points": false,
          "renderer": "flot",
          "seriesOverrides": [],
          "spaceLength": 10,
          "span": 4,
          "stack": false,
          "steppedLine": false,
          "targets": [
            {
              "expr": "sum(rate(cortex_querier_blocks_consistency_checks_failed_total{target=~\"(.*,)?(querier|all)(,.*)?\"}[$__rate_interval])) / sum(rate(cortex_querier_blocks_consistency_checks_total{target=~\"(.*,)?(querier|all)(,.*)?\"}[$__rate_interval]))",
              "format": "time_series",
              "intervalFactor": 2,
              "legendFormat": "Failure Rate",
              "legendLink": null,
              "step": 10
            }
          ],
          "thresholds": [],
          "timeFrom": null,
          "timeShift": null,
          "title": "Consistency checks failed",
          "tooltip": {
            "shared": false,
            "sort": 0,
            "value_type": "individual"
          },
          "type": "timeseries",
          "xaxis": {
            "buckets": null,
            "mode": "time",
            "name": null,
            "show": true,
            "values": []
          },
          "yaxes": [
            {
              "format": "percentunit",
              "label": null,
              "logBase": 1,
              "max": 1,
              "min": 0,
              "show": true
            },
            {
              "format": "short",
              "label": null,
              "logBase": 1,
              "max": null,
              "min": null,
              "show": false
            }
          ]
        }
      ],
      "repeat": null,
      "repeatIteration": null,
      "repeatRowId": null,
      "showTitle": true,
      "title": "Querier",
      "titleSize": "h6"
    },
    {
      "collapse": false,
      "height": "250px",
      "panels": [
        {
          "aliasColors": {},
          "bars": false,
          "dashLength": 10,
          "dashes": false,
          "datasource": "GEM system monitoring",
          "fill": 1,
          "id": 21,
          "legend": {
            "avg": false,
            "current": false,
            "max": false,
            "min": false,
            "show": true,
            "total": false,
            "values": false
          },
          "lines": true,
          "linewidth": 1,
          "links": [],
          "nullPointMode": "null as zero",
          "percentage": false,
          "pointradius": 5,
          "points": false,
          "renderer": "flot",
          "seriesOverrides": [],
          "spaceLength": 10,
          "span": 4,
          "stack": false,
          "steppedLine": false,
          "targets": [
            {
              "expr": "max(cortex_bucket_index_loaded{target=~\"(.*,)?(querier|all)(,.*)?\"})",
              "format": "time_series",
              "intervalFactor": 2,
              "legendFormat": "Max",
              "legendLink": null,
              "step": 10
            },
            {
              "expr": "min(cortex_bucket_index_loaded{target=~\"(.*,)?(querier|all)(,.*)?\"})",
              "format": "time_series",
              "intervalFactor": 2,
              "legendFormat": "Min",
              "legendLink": null,
              "step": 10
            },
            {
              "expr": "avg(cortex_bucket_index_loaded{target=~\"(.*,)?(querier|all)(,.*)?\"})",
              "format": "time_series",
              "intervalFactor": 2,
              "legendFormat": "Average",
              "legendLink": null,
              "step": 10
            }
          ],
          "thresholds": [],
          "timeFrom": null,
          "timeShift": null,
          "title": "Bucket indexes loaded (per querier)",
          "tooltip": {
            "shared": false,
            "sort": 0,
            "value_type": "individual"
          },
          "type": "timeseries",
          "xaxis": {
            "buckets": null,
            "mode": "time",
            "name": null,
            "show": true,
            "values": []
          },
          "yaxes": [
            {
              "format": "short",
              "label": null,
              "logBase": 1,
              "max": null,
              "min": 0,
              "show": true
            },
            {
              "format": "short",
              "label": null,
              "logBase": 1,
              "max": null,
              "min": null,
              "show": false
            }
          ]
        },
        {
          "aliasColors": {
            "failed": "#E24D42",
            "successful": "#7EB26D"
          },
          "bars": false,
          "dashLength": 10,
          "dashes": false,
          "datasource": "GEM system monitoring",
          "fill": 10,
          "id": 22,
          "legend": {
            "avg": false,
            "current": false,
            "max": false,
            "min": false,
            "show": true,
            "total": false,
            "values": false
          },
          "lines": true,
          "linewidth": 0,
          "links": [],
          "nullPointMode": "null as zero",
          "percentage": false,
          "pointradius": 5,
          "points": false,
          "renderer": "flot",
          "seriesOverrides": [],
          "spaceLength": 10,
          "span": 4,
          "stack": true,
          "steppedLine": false,
          "targets": [
            {
              "expr": "sum(rate(cortex_bucket_index_loads_total{target=~\"(.*,)?(querier|all)(,.*)?\"}[$__rate_interval])) - sum(rate(cortex_bucket_index_load_failures_total{target=~\"(.*,)?(querier|all)(,.*)?\"}[$__rate_interval]))",
              "format": "time_series",
              "intervalFactor": 2,
              "legendFormat": "successful",
              "legendLink": null,
              "step": 10
            },
            {
              "expr": "sum(rate(cortex_bucket_index_load_failures_total{target=~\"(.*,)?(querier|all)(,.*)?\"}[$__rate_interval]))",
              "format": "time_series",
              "intervalFactor": 2,
              "legendFormat": "failed",
              "legendLink": null,
              "step": 10
            }
          ],
          "thresholds": [],
          "timeFrom": null,
          "timeShift": null,
          "title": "Bucket indexes load / sec",
          "tooltip": {
            "shared": false,
            "sort": 0,
            "value_type": "individual"
          },
          "type": "timeseries",
          "xaxis": {
            "buckets": null,
            "mode": "time",
            "name": null,
            "show": true,
            "values": []
          },
          "yaxes": [
            {
              "format": "short",
              "label": null,
              "logBase": 1,
              "max": null,
              "min": 0,
              "show": true
            },
            {
              "format": "short",
              "label": null,
              "logBase": 1,
              "max": null,
              "min": null,
              "show": false
            }
          ]
        },
        {
          "aliasColors": {},
          "bars": false,
          "dashLength": 10,
          "dashes": false,
          "datasource": "GEM system monitoring",
          "fill": 1,
          "id": 23,
          "legend": {
            "avg": false,
            "current": false,
            "max": false,
            "min": false,
            "show": true,
            "total": false,
            "values": false
          },
          "lines": true,
          "linewidth": 1,
          "links": [],
          "nullPointMode": "null as zero",
          "percentage": false,
          "pointradius": 5,
          "points": false,
          "renderer": "flot",
          "seriesOverrides": [],
          "spaceLength": 10,
          "span": 4,
          "stack": false,
          "steppedLine": false,
          "targets": [
            {
              "expr": "histogram_quantile(0.99, sum(rate(cortex_bucket_index_load_duration_seconds_bucket{target=~\"(.*,)?(querier|all)(,.*)?\"}[$__rate_interval])) by (le)) * 1e3",
              "format": "time_series",
              "intervalFactor": 2,
              "legendFormat": "99th Percentile",
              "refId": "A",
              "step": 10
            },
            {
              "expr": "histogram_quantile(0.50, sum(rate(cortex_bucket_index_load_duration_seconds_bucket{target=~\"(.*,)?(querier|all)(,.*)?\"}[$__rate_interval])) by (le)) * 1e3",
              "format": "time_series",
              "intervalFactor": 2,
              "legendFormat": "50th Percentile",
              "refId": "B",
              "step": 10
            },
            {
              "expr": "sum(rate(cortex_bucket_index_load_duration_seconds_sum{target=~\"(.*,)?(querier|all)(,.*)?\"}[$__rate_interval])) * 1e3 / sum(rate(cortex_bucket_index_load_duration_seconds_count{target=~\"(.*,)?(querier|all)(,.*)?\"}[$__rate_interval]))",
              "format": "time_series",
              "intervalFactor": 2,
              "legendFormat": "Average",
              "refId": "C",
              "step": 10
            }
          ],
          "thresholds": [],
          "timeFrom": null,
          "timeShift": null,
          "title": "Bucket indexes load latency",
          "tooltip": {
            "shared": false,
            "sort": 0,
            "value_type": "individual"
          },
          "type": "timeseries",
          "xaxis": {
            "buckets": null,
            "mode": "time",
            "name": null,
            "show": true,
            "values": []
          },
          "yaxes": [
            {
              "format": "ms",
              "label": null,
              "logBase": 1,
              "max": null,
              "min": 0,
              "show": true
            },
            {
              "format": "short",
              "label": null,
              "logBase": 1,
              "max": null,
              "min": null,
              "show": false
            }
          ]
        }
      ],
      "repeat": null,
      "repeatIteration": null,
      "repeatRowId": null,
      "showTitle": true,
      "title": "",
      "titleSize": "h6"
    },
    {
      "collapse": false,
      "height": "250px",
      "panels": [
        {
          "aliasColors": {},
          "bars": false,
          "dashLength": 10,
          "dashes": false,
          "datasource": "GEM system monitoring",
          "fill": 1,
          "id": 24,
          "legend": {
            "avg": false,
            "current": false,
            "max": false,
            "min": false,
            "show": true,
            "total": false,
            "values": false
          },
          "lines": true,
          "linewidth": 1,
          "links": [],
          "nullPointMode": "null as zero",
          "percentage": false,
          "pointradius": 5,
          "points": false,
          "renderer": "flot",
          "seriesOverrides": [],
          "spaceLength": 10,
          "span": 4,
          "stack": false,
          "steppedLine": false,
          "targets": [
            {
              "expr": "sum(rate(cortex_bucket_store_series_blocks_queried_sum{component=\"store-gateway\",target=~\"(.*,)?(store-gateway|all)(,.*)?\"}[$__rate_interval]))",
              "format": "time_series",
              "intervalFactor": 2,
              "legendFormat": "blocks",
              "legendLink": null,
              "step": 10
            }
          ],
          "thresholds": [],
          "timeFrom": null,
          "timeShift": null,
          "title": "Blocks queried / sec",
          "tooltip": {
            "shared": false,
            "sort": 0,
            "value_type": "individual"
          },
          "type": "timeseries",
          "xaxis": {
            "buckets": null,
            "mode": "time",
            "name": null,
            "show": true,
            "values": []
          },
          "yaxes": [
            {
              "format": "ops",
              "label": null,
              "logBase": 1,
              "max": null,
              "min": 0,
              "show": true
            },
            {
              "format": "short",
              "label": null,
              "logBase": 1,
              "max": null,
              "min": null,
              "show": false
            }
          ]
        },
        {
          "aliasColors": {},
          "bars": false,
          "dashLength": 10,
          "dashes": false,
          "datasource": "GEM system monitoring",
          "fill": 10,
          "id": 25,
          "legend": {
            "avg": false,
            "current": false,
            "max": false,
            "min": false,
            "show": true,
            "total": false,
            "values": false
          },
          "lines": true,
          "linewidth": 0,
          "links": [],
          "nullPointMode": "null as zero",
          "percentage": false,
          "pointradius": 5,
          "points": false,
          "renderer": "flot",
          "seriesOverrides": [],
          "spaceLength": 10,
          "span": 4,
          "stack": true,
          "steppedLine": false,
          "targets": [
            {
              "expr": "sum by(data_type) (rate(cortex_bucket_store_series_data_fetched_sum{component=\"store-gateway\",target=~\"(.*,)?(store-gateway|all)(,.*)?\"}[$__rate_interval]))",
              "format": "time_series",
              "intervalFactor": 2,
              "legendFormat": "{{data_type}}",
              "legendLink": null,
              "step": 10
            }
          ],
          "thresholds": [],
          "timeFrom": null,
          "timeShift": null,
          "title": "Data fetched / sec",
          "tooltip": {
            "shared": false,
            "sort": 0,
            "value_type": "individual"
          },
          "type": "timeseries",
          "xaxis": {
            "buckets": null,
            "mode": "time",
            "name": null,
            "show": true,
            "values": []
          },
          "yaxes": [
            {
              "format": "ops",
              "label": null,
              "logBase": 1,
              "max": null,
              "min": 0,
              "show": true
            },
            {
              "format": "short",
              "label": null,
              "logBase": 1,
              "max": null,
              "min": null,
              "show": false
            }
          ]
        },
        {
          "aliasColors": {},
          "bars": false,
          "dashLength": 10,
          "dashes": false,
          "datasource": "GEM system monitoring",
          "fill": 10,
          "id": 26,
          "legend": {
            "avg": false,
            "current": false,
            "max": false,
            "min": false,
            "show": true,
            "total": false,
            "values": false
          },
          "lines": true,
          "linewidth": 0,
          "links": [],
          "nullPointMode": "null as zero",
          "percentage": false,
          "pointradius": 5,
          "points": false,
          "renderer": "flot",
          "seriesOverrides": [],
          "spaceLength": 10,
          "span": 4,
          "stack": true,
          "steppedLine": false,
          "targets": [
            {
              "expr": "sum by(data_type) (rate(cortex_bucket_store_series_data_touched_sum{component=\"store-gateway\",target=~\"(.*,)?(store-gateway|all)(,.*)?\"}[$__rate_interval]))",
              "format": "time_series",
              "intervalFactor": 2,
              "legendFormat": "{{data_type}}",
              "legendLink": null,
              "step": 10
            }
          ],
          "thresholds": [],
          "timeFrom": null,
          "timeShift": null,
          "title": "Data touched / sec",
          "tooltip": {
            "shared": false,
            "sort": 0,
            "value_type": "individual"
          },
          "type": "timeseries",
          "xaxis": {
            "buckets": null,
            "mode": "time",
            "name": null,
            "show": true,
            "values": []
          },
          "yaxes": [
            {
              "format": "ops",
              "label": null,
              "logBase": 1,
              "max": null,
              "min": 0,
              "show": true
            },
            {
              "format": "short",
              "label": null,
              "logBase": 1,
              "max": null,
              "min": null,
              "show": false
            }
          ]
        }
      ],
      "repeat": null,
      "repeatIteration": null,
      "repeatRowId": null,
      "showTitle": true,
      "title": "Store-gateway",
      "titleSize": "h6"
    },
    {
      "collapse": false,
      "height": "250px",
      "panels": [
        {
          "aliasColors": {},
          "bars": false,
          "dashLength": 10,
          "dashes": false,
          "datasource": "GEM system monitoring",
          "fill": 1,
          "id": 27,
          "legend": {
            "avg": false,
            "current": false,
            "max": false,
            "min": false,
            "show": true,
            "total": false,
            "values": false
          },
          "lines": true,
          "linewidth": 1,
          "links": [],
          "nullPointMode": "null as zero",
          "percentage": false,
          "pointradius": 5,
          "points": false,
          "renderer": "flot",
          "seriesOverrides": [],
          "spaceLength": 10,
          "span": 4,
          "stack": false,
          "steppedLine": false,
          "targets": [
            {
              "expr": "histogram_quantile(0.99, sum(rate(cortex_bucket_store_series_get_all_duration_seconds_bucket{component=\"store-gateway\",target=~\"(.*,)?(store-gateway|all)(,.*)?\"}[$__rate_interval])) by (le)) * 1e3",
              "format": "time_series",
              "intervalFactor": 2,
              "legendFormat": "99th Percentile",
              "refId": "A",
              "step": 10
            },
            {
              "expr": "histogram_quantile(0.50, sum(rate(cortex_bucket_store_series_get_all_duration_seconds_bucket{component=\"store-gateway\",target=~\"(.*,)?(store-gateway|all)(,.*)?\"}[$__rate_interval])) by (le)) * 1e3",
              "format": "time_series",
              "intervalFactor": 2,
              "legendFormat": "50th Percentile",
              "refId": "B",
              "step": 10
            },
            {
              "expr": "sum(rate(cortex_bucket_store_series_get_all_duration_seconds_sum{component=\"store-gateway\",target=~\"(.*,)?(store-gateway|all)(,.*)?\"}[$__rate_interval])) * 1e3 / sum(rate(cortex_bucket_store_series_get_all_duration_seconds_count{component=\"store-gateway\",target=~\"(.*,)?(store-gateway|all)(,.*)?\"}[$__rate_interval]))",
              "format": "time_series",
              "intervalFactor": 2,
              "legendFormat": "Average",
              "refId": "C",
              "step": 10
            }
          ],
          "thresholds": [],
          "timeFrom": null,
          "timeShift": null,
          "title": "Series fetch duration (per request)",
          "tooltip": {
            "shared": false,
            "sort": 0,
            "value_type": "individual"
          },
          "type": "timeseries",
          "xaxis": {
            "buckets": null,
            "mode": "time",
            "name": null,
            "show": true,
            "values": []
          },
          "yaxes": [
            {
              "format": "ms",
              "label": null,
              "logBase": 1,
              "max": null,
              "min": 0,
              "show": true
            },
            {
              "format": "short",
              "label": null,
              "logBase": 1,
              "max": null,
              "min": null,
              "show": false
            }
          ]
        },
        {
          "aliasColors": {},
          "bars": false,
          "dashLength": 10,
          "dashes": false,
          "datasource": "GEM system monitoring",
          "fill": 1,
          "id": 28,
          "legend": {
            "avg": false,
            "current": false,
            "max": false,
            "min": false,
            "show": true,
            "total": false,
            "values": false
          },
          "lines": true,
          "linewidth": 1,
          "links": [],
          "nullPointMode": "null as zero",
          "percentage": false,
          "pointradius": 5,
          "points": false,
          "renderer": "flot",
          "seriesOverrides": [],
          "spaceLength": 10,
          "span": 4,
          "stack": false,
          "steppedLine": false,
          "targets": [
            {
              "expr": "histogram_quantile(0.99, sum(rate(cortex_bucket_store_series_merge_duration_seconds_bucket{component=\"store-gateway\",target=~\"(.*,)?(store-gateway|all)(,.*)?\"}[$__rate_interval])) by (le)) * 1e3",
              "format": "time_series",
              "intervalFactor": 2,
              "legendFormat": "99th Percentile",
              "refId": "A",
              "step": 10
            },
            {
              "expr": "histogram_quantile(0.50, sum(rate(cortex_bucket_store_series_merge_duration_seconds_bucket{component=\"store-gateway\",target=~\"(.*,)?(store-gateway|all)(,.*)?\"}[$__rate_interval])) by (le)) * 1e3",
              "format": "time_series",
              "intervalFactor": 2,
              "legendFormat": "50th Percentile",
              "refId": "B",
              "step": 10
            },
            {
              "expr": "sum(rate(cortex_bucket_store_series_merge_duration_seconds_sum{component=\"store-gateway\",target=~\"(.*,)?(store-gateway|all)(,.*)?\"}[$__rate_interval])) * 1e3 / sum(rate(cortex_bucket_store_series_merge_duration_seconds_count{component=\"store-gateway\",target=~\"(.*,)?(store-gateway|all)(,.*)?\"}[$__rate_interval]))",
              "format": "time_series",
              "intervalFactor": 2,
              "legendFormat": "Average",
              "refId": "C",
              "step": 10
            }
          ],
          "thresholds": [],
          "timeFrom": null,
          "timeShift": null,
          "title": "Series merge duration (per request)",
          "tooltip": {
            "shared": false,
            "sort": 0,
            "value_type": "individual"
          },
          "type": "timeseries",
          "xaxis": {
            "buckets": null,
            "mode": "time",
            "name": null,
            "show": true,
            "values": []
          },
          "yaxes": [
            {
              "format": "ms",
              "label": null,
              "logBase": 1,
              "max": null,
              "min": 0,
              "show": true
            },
            {
              "format": "short",
              "label": null,
              "logBase": 1,
              "max": null,
              "min": null,
              "show": false
            }
          ]
        },
        {
          "aliasColors": {},
          "bars": false,
          "dashLength": 10,
          "dashes": false,
          "datasource": "GEM system monitoring",
          "fill": 1,
          "id": 29,
          "legend": {
            "avg": false,
            "current": false,
            "max": false,
            "min": false,
            "show": true,
            "total": false,
            "values": false
          },
          "lines": true,
          "linewidth": 1,
          "links": [],
          "nullPointMode": "null as zero",
          "percentage": false,
          "pointradius": 5,
          "points": false,
          "renderer": "flot",
          "seriesOverrides": [],
          "spaceLength": 10,
          "span": 4,
          "stack": false,
          "steppedLine": false,
          "targets": [
            {
              "expr": "sum(rate(cortex_bucket_store_series_result_series_sum{component=\"store-gateway\",target=~\"(.*,)?(store-gateway|all)(,.*)?\"}[$__rate_interval])) / sum(rate(cortex_bucket_store_series_result_series_count{component=\"store-gateway\",target=~\"(.*,)?(store-gateway|all)(,.*)?\"}[$__rate_interval]))",
              "format": "time_series",
              "intervalFactor": 2,
              "legendFormat": "avg series returned",
              "legendLink": null,
              "step": 10
            }
          ],
          "thresholds": [],
          "timeFrom": null,
          "timeShift": null,
          "title": "Series returned (per request)",
          "tooltip": {
            "shared": false,
            "sort": 0,
            "value_type": "individual"
          },
          "type": "timeseries",
          "xaxis": {
            "buckets": null,
            "mode": "time",
            "name": null,
            "show": true,
            "values": []
          },
          "yaxes": [
            {
              "format": "short",
              "label": null,
              "logBase": 1,
              "max": null,
              "min": 0,
              "show": true
            },
            {
              "format": "short",
              "label": null,
              "logBase": 1,
              "max": null,
              "min": null,
              "show": false
            }
          ]
        }
      ],
      "repeat": null,
      "repeatIteration": null,
      "repeatRowId": null,
      "showTitle": true,
      "title": "",
      "titleSize": "h6"
    },
    {
      "collapse": false,
      "height": "250px",
      "panels": [
        {
          "aliasColors": {},
          "bars": false,
          "dashLength": 10,
          "dashes": false,
          "datasource": "GEM system monitoring",
          "fill": 0,
          "id": 30,
          "legend": {
            "avg": false,
            "current": false,
            "max": false,
            "min": false,
            "show": true,
            "total": false,
            "values": false
          },
          "lines": true,
          "linewidth": 1,
          "links": [],
          "nullPointMode": "null as zero",
          "percentage": false,
          "pointradius": 5,
          "points": false,
          "renderer": "flot",
          "seriesOverrides": [],
          "spaceLength": 10,
          "span": 4,
          "stack": false,
          "steppedLine": false,
          "targets": [
            {
              "expr": "cortex_bucket_store_blocks_loaded{component=\"store-gateway\",target=~\"(.*,)?(store-gateway|all)(,.*)?\"}",
              "format": "time_series",
              "intervalFactor": 2,
              "legendFormat": "{{instance}}",
              "legendLink": null,
              "step": 10
            }
          ],
          "thresholds": [],
          "timeFrom": null,
          "timeShift": null,
          "title": "Blocks currently loaded",
          "tooltip": {
            "shared": false,
            "sort": 0,
            "value_type": "individual"
          },
          "type": "timeseries",
          "xaxis": {
            "buckets": null,
            "mode": "time",
            "name": null,
            "show": true,
            "values": []
          },
          "yaxes": [
            {
              "format": "short",
              "label": null,
              "logBase": 1,
              "max": null,
              "min": 0,
              "show": true
            },
            {
              "format": "short",
              "label": null,
              "logBase": 1,
              "max": null,
              "min": null,
              "show": false
            }
          ]
        },
        {
          "aliasColors": {
            "failed": "#E24D42",
            "successful": "#7EB26D"
          },
          "bars": false,
          "dashLength": 10,
          "dashes": false,
          "datasource": "GEM system monitoring",
          "fill": 10,
          "id": 31,
          "legend": {
            "avg": false,
            "current": false,
            "max": false,
            "min": false,
            "show": true,
            "total": false,
            "values": false
          },
          "lines": true,
          "linewidth": 0,
          "links": [],
          "nullPointMode": "null as zero",
          "percentage": false,
          "pointradius": 5,
          "points": false,
          "renderer": "flot",
          "seriesOverrides": [],
          "spaceLength": 10,
          "span": 4,
          "stack": true,
          "steppedLine": false,
          "targets": [
            {
              "expr": "sum(rate(cortex_bucket_store_block_loads_total{component=\"store-gateway\",target=~\"(.*,)?(store-gateway|all)(,.*)?\"}[$__rate_interval])) - sum(rate(cortex_bucket_store_block_load_failures_total{component=\"store-gateway\",target=~\"(.*,)?(store-gateway|all)(,.*)?\"}[$__rate_interval]))",
              "format": "time_series",
              "intervalFactor": 2,
              "legendFormat": "successful",
              "legendLink": null,
              "step": 10
            },
            {
              "expr": "sum(rate(cortex_bucket_store_block_load_failures_total{component=\"store-gateway\",target=~\"(.*,)?(store-gateway|all)(,.*)?\"}[$__rate_interval]))",
              "format": "time_series",
              "intervalFactor": 2,
              "legendFormat": "failed",
              "legendLink": null,
              "step": 10
            }
          ],
          "thresholds": [],
          "timeFrom": null,
          "timeShift": null,
          "title": "Blocks loaded / sec",
          "tooltip": {
            "shared": false,
            "sort": 0,
            "value_type": "individual"
          },
          "type": "timeseries",
          "xaxis": {
            "buckets": null,
            "mode": "time",
            "name": null,
            "show": true,
            "values": []
          },
          "yaxes": [
            {
              "format": "short",
              "label": null,
              "logBase": 1,
              "max": null,
              "min": 0,
              "show": true
            },
            {
              "format": "short",
              "label": null,
              "logBase": 1,
              "max": null,
              "min": null,
              "show": false
            }
          ]
        },
        {
          "aliasColors": {
            "failed": "#E24D42",
            "successful": "#7EB26D"
          },
          "bars": false,
          "dashLength": 10,
          "dashes": false,
          "datasource": "GEM system monitoring",
          "fill": 10,
          "id": 32,
          "legend": {
            "avg": false,
            "current": false,
            "max": false,
            "min": false,
            "show": true,
            "total": false,
            "values": false
          },
          "lines": true,
          "linewidth": 0,
          "links": [],
          "nullPointMode": "null as zero",
          "percentage": false,
          "pointradius": 5,
          "points": false,
          "renderer": "flot",
          "seriesOverrides": [],
          "spaceLength": 10,
          "span": 4,
          "stack": true,
          "steppedLine": false,
          "targets": [
            {
              "expr": "sum(rate(cortex_bucket_store_block_drops_total{component=\"store-gateway\",target=~\"(.*,)?(store-gateway|all)(,.*)?\"}[$__rate_interval])) - sum(rate(cortex_bucket_store_block_drop_failures_total{component=\"store-gateway\",target=~\"(.*,)?(store-gateway|all)(,.*)?\"}[$__rate_interval]))",
              "format": "time_series",
              "intervalFactor": 2,
              "legendFormat": "successful",
              "legendLink": null,
              "step": 10
            },
            {
              "expr": "sum(rate(cortex_bucket_store_block_drop_failures_total{component=\"store-gateway\",target=~\"(.*,)?(store-gateway|all)(,.*)?\"}[$__rate_interval]))",
              "format": "time_series",
              "intervalFactor": 2,
              "legendFormat": "failed",
              "legendLink": null,
              "step": 10
            }
          ],
          "thresholds": [],
          "timeFrom": null,
          "timeShift": null,
          "title": "Blocks dropped / sec",
          "tooltip": {
            "shared": false,
            "sort": 0,
            "value_type": "individual"
          },
          "type": "timeseries",
          "xaxis": {
            "buckets": null,
            "mode": "time",
            "name": null,
            "show": true,
            "values": []
          },
          "yaxes": [
            {
              "format": "short",
              "label": null,
              "logBase": 1,
              "max": null,
              "min": 0,
              "show": true
            },
            {
              "format": "short",
              "label": null,
              "logBase": 1,
              "max": null,
              "min": null,
              "show": false
            }
          ]
        }
      ],
      "repeat": null,
      "repeatIteration": null,
      "repeatRowId": null,
      "showTitle": true,
      "title": "",
      "titleSize": "h6"
    },
    {
      "collapse": false,
      "height": "250px",
      "panels": [
        {
          "aliasColors": {},
          "bars": false,
          "dashLength": 10,
          "dashes": false,
          "datasource": "GEM system monitoring",
          "fill": 0,
          "id": 33,
          "legend": {
            "avg": false,
            "current": false,
            "max": false,
            "min": false,
            "show": true,
            "total": false,
            "values": false
          },
          "lines": true,
          "linewidth": 1,
          "links": [],
          "nullPointMode": "null as zero",
          "percentage": false,
          "pointradius": 5,
          "points": false,
          "renderer": "flot",
          "seriesOverrides": [],
          "spaceLength": 10,
          "span": 6,
          "stack": false,
          "steppedLine": false,
          "targets": [
            {
              "expr": "cortex_bucket_store_indexheader_lazy_load_total{target=~\"(.*,)?(store-gateway|all)(,.*)?\"} - cortex_bucket_store_indexheader_lazy_unload_total{target=~\"(.*,)?(store-gateway|all)(,.*)?\"}",
              "format": "time_series",
              "intervalFactor": 2,
              "legendFormat": "{{instance}}",
              "legendLink": null,
              "step": 10
            }
          ],
          "thresholds": [],
          "timeFrom": null,
          "timeShift": null,
          "title": "Lazy loaded index-headers",
          "tooltip": {
            "shared": false,
            "sort": 0,
            "value_type": "individual"
          },
          "type": "timeseries",
          "xaxis": {
            "buckets": null,
            "mode": "time",
            "name": null,
            "show": true,
            "values": []
          },
          "yaxes": [
            {
              "format": "short",
              "label": null,
              "logBase": 1,
              "max": null,
              "min": 0,
              "show": true
            },
            {
              "format": "short",
              "label": null,
              "logBase": 1,
              "max": null,
              "min": null,
              "show": false
            }
          ]
        },
        {
          "aliasColors": {},
          "bars": false,
          "dashLength": 10,
          "dashes": false,
          "datasource": "GEM system monitoring",
          "fill": 1,
          "id": 34,
          "legend": {
            "avg": false,
            "current": false,
            "max": false,
            "min": false,
            "show": true,
            "total": false,
            "values": false
          },
          "lines": true,
          "linewidth": 1,
          "links": [],
          "nullPointMode": "null as zero",
          "percentage": false,
          "pointradius": 5,
          "points": false,
          "renderer": "flot",
          "seriesOverrides": [],
          "spaceLength": 10,
          "span": 6,
          "stack": false,
          "steppedLine": false,
          "targets": [
            {
              "expr": "histogram_quantile(0.99, sum(rate(cortex_bucket_store_indexheader_lazy_load_duration_seconds_bucket{target=~\"(.*,)?(store-gateway|all)(,.*)?\"}[$__rate_interval])) by (le)) * 1e3",
              "format": "time_series",
              "intervalFactor": 2,
              "legendFormat": "99th Percentile",
              "refId": "A",
              "step": 10
            },
            {
              "expr": "histogram_quantile(0.50, sum(rate(cortex_bucket_store_indexheader_lazy_load_duration_seconds_bucket{target=~\"(.*,)?(store-gateway|all)(,.*)?\"}[$__rate_interval])) by (le)) * 1e3",
              "format": "time_series",
              "intervalFactor": 2,
              "legendFormat": "50th Percentile",
              "refId": "B",
              "step": 10
            },
            {
              "expr": "sum(rate(cortex_bucket_store_indexheader_lazy_load_duration_seconds_sum{target=~\"(.*,)?(store-gateway|all)(,.*)?\"}[$__rate_interval])) * 1e3 / sum(rate(cortex_bucket_store_indexheader_lazy_load_duration_seconds_count{target=~\"(.*,)?(store-gateway|all)(,.*)?\"}[$__rate_interval]))",
              "format": "time_series",
              "intervalFactor": 2,
              "legendFormat": "Average",
              "refId": "C",
              "step": 10
            }
          ],
          "thresholds": [],
          "timeFrom": null,
          "timeShift": null,
          "title": "Index-header lazy load duration",
          "tooltip": {
            "shared": false,
            "sort": 0,
            "value_type": "individual"
          },
          "type": "timeseries",
          "xaxis": {
            "buckets": null,
            "mode": "time",
            "name": null,
            "show": true,
            "values": []
          },
          "yaxes": [
            {
              "format": "ms",
              "label": null,
              "logBase": 1,
              "max": null,
              "min": 0,
              "show": true
            },
            {
              "format": "short",
              "label": null,
              "logBase": 1,
              "max": null,
              "min": null,
              "show": false
            }
          ]
        }
      ],
      "repeat": null,
      "repeatIteration": null,
      "repeatRowId": null,
      "showTitle": true,
      "title": "",
      "titleSize": "h6"
    },
    {
      "collapse": false,
      "height": "250px",
      "panels": [
        {
          "aliasColors": {},
          "bars": false,
          "dashLength": 10,
          "dashes": false,
          "datasource": "GEM system monitoring",
          "fill": 1,
          "id": 35,
          "legend": {
            "avg": false,
            "current": false,
            "max": false,
            "min": false,
            "show": true,
            "total": false,
            "values": false
          },
          "lines": true,
          "linewidth": 1,
          "links": [],
          "nullPointMode": "null as zero",
          "percentage": false,
          "pointradius": 5,
          "points": false,
          "renderer": "flot",
          "seriesOverrides": [],
          "spaceLength": 10,
          "span": 4,
          "stack": false,
          "steppedLine": false,
          "targets": [
            {
              "expr": "sum(rate(cortex_bucket_store_series_hash_cache_hits_total{target=~\"(.*,)?(store-gateway|all)(,.*)?\"}[$__rate_interval]))\n/\nsum(rate(cortex_bucket_store_series_hash_cache_requests_total{target=~\"(.*,)?(store-gateway|all)(,.*)?\"}[$__rate_interval]))\n",
              "format": "time_series",
              "intervalFactor": 2,
              "legendFormat": "hit ratio",
              "legendLink": null,
              "step": 10
            }
          ],
          "thresholds": [],
          "timeFrom": null,
          "timeShift": null,
          "title": "Series hash cache hit ratio",
          "tooltip": {
            "shared": false,
            "sort": 0,
            "value_type": "individual"
          },
          "type": "timeseries",
          "xaxis": {
            "buckets": null,
            "mode": "time",
            "name": null,
            "show": true,
            "values": []
          },
          "yaxes": [
            {
              "format": "percentunit",
              "label": null,
              "logBase": 1,
              "max": 1,
              "min": 0,
              "show": true
            },
            {
              "format": "short",
              "label": null,
              "logBase": 1,
              "max": null,
              "min": null,
              "show": false
            }
          ]
        },
        {
          "aliasColors": {},
          "bars": false,
          "dashLength": 10,
          "dashes": false,
          "datasource": "GEM system monitoring",
          "fill": 1,
          "id": 36,
          "legend": {
            "avg": false,
            "current": false,
            "max": false,
            "min": false,
            "show": true,
            "total": false,
            "values": false
          },
          "lines": true,
          "linewidth": 1,
          "links": [],
          "nullPointMode": "null as zero",
          "percentage": false,
          "pointradius": 5,
          "points": false,
          "renderer": "flot",
          "seriesOverrides": [],
          "spaceLength": 10,
          "span": 4,
          "stack": false,
          "steppedLine": false,
          "targets": [
            {
              "expr": "sum(rate(thanos_store_index_cache_hits_total{item_type=\"ExpandedPostings\",target=~\"(.*,)?(store-gateway|all)(,.*)?\"}[$__rate_interval]))\n/\nsum(rate(thanos_store_index_cache_requests_total{item_type=\"ExpandedPostings\",target=~\"(.*,)?(store-gateway|all)(,.*)?\"}[$__rate_interval]))\n",
              "format": "time_series",
              "intervalFactor": 2,
              "legendFormat": "hit ratio",
              "legendLink": null,
              "step": 10
            }
          ],
          "thresholds": [],
          "timeFrom": null,
          "timeShift": null,
          "title": "ExpandedPostings cache hit ratio",
          "tooltip": {
            "shared": false,
            "sort": 0,
            "value_type": "individual"
          },
          "type": "timeseries",
          "xaxis": {
            "buckets": null,
            "mode": "time",
            "name": null,
            "show": true,
            "values": []
          },
          "yaxes": [
            {
              "format": "percentunit",
              "label": null,
              "logBase": 1,
              "max": 1,
              "min": 0,
              "show": true
            },
            {
              "format": "short",
              "label": null,
              "logBase": 1,
              "max": null,
              "min": null,
              "show": false
            }
          ]
        },
        {
          "aliasColors": {},
          "bars": false,
          "dashLength": 10,
          "dashes": false,
          "datasource": "GEM system monitoring",
          "fill": 1,
          "id": 37,
          "legend": {
            "avg": false,
            "current": false,
            "max": false,
            "min": false,
            "show": true,
            "total": false,
            "values": false
          },
          "lines": true,
          "linewidth": 1,
          "links": [],
          "nullPointMode": "null as zero",
          "percentage": false,
          "pointradius": 5,
          "points": false,
          "renderer": "flot",
          "seriesOverrides": [],
          "spaceLength": 10,
          "span": 4,
          "stack": false,
          "steppedLine": false,
          "targets": [
            {
              "expr": "sum(rate(cortex_cache_memory_hits_total{name=\"chunks-attributes-cache\",target=~\"(.*,)?(store-gateway|all)(,.*)?\"}[$__rate_interval]))\n/\nsum(rate(cortex_cache_memory_requests_total{name=\"chunks-attributes-cache\",target=~\"(.*,)?(store-gateway|all)(,.*)?\"}[$__rate_interval]))\n",
              "format": "time_series",
              "intervalFactor": 2,
              "legendFormat": "hit ratio",
              "legendLink": null,
              "step": 10
            }
          ],
          "thresholds": [],
          "timeFrom": null,
          "timeShift": null,
          "title": "Chunks attributes in-memory cache hit ratio",
          "tooltip": {
            "shared": false,
            "sort": 0,
            "value_type": "individual"
          },
          "type": "timeseries",
          "xaxis": {
            "buckets": null,
            "mode": "time",
            "name": null,
            "show": true,
            "values": []
          },
          "yaxes": [
            {
              "format": "percentunit",
              "label": null,
              "logBase": 1,
              "max": 1,
              "min": 0,
              "show": true
            },
            {
              "format": "short",
              "label": null,
              "logBase": 1,
              "max": null,
              "min": null,
              "show": false
            }
          ]
        }
      ],
      "repeat": null,
      "repeatIteration": null,
      "repeatRowId": null,
      "showTitle": true,
      "title": "",
      "titleSize": "h6"
    }
  ],
  "schemaVersion": 14,
  "style": "dark",
  "tags": ["GEM", "self-monitoring"],
  "templating": {
    "list": []
  },
  "time": {
    "from": "now-1h",
    "to": "now"
  },
  "timepicker": {
    "refresh_intervals": ["5s", "10s", "30s", "1m", "5m", "15m", "30m", "1h", "2h", "1d"],
    "time_options": ["5m", "15m", "1h", "6h", "12h", "24h", "2d", "7d", "30d"]
  },
  "timezone": "utc",
  "title": "Queries",
  "uid": "gem---queries",
  "version": 0
}
