{
  "annotations": {
    "list": []
  },
  "editable": false,
  "gnetId": null,
  "graphTooltip": 0,
  "hideControls": false,
  "links": [
    {
      "asDropdown": true,
      "icon": "external link",
      "includeVars": true,
      "keepTime": true,
      "tags": ["GEM", "self-monitoring"],
      "targetBlank": false,
      "title": "GEM system monitoring",
      "type": "dashboards"
    }
  ],
  "refresh": "10s",
  "rows": [
    {
      "collapse": false,
      "height": "250px",
      "panels": [
        {
          "aliasColors": {},
          "bars": false,
          "dashLength": 10,
          "dashes": false,
          "datasource": "GEM system monitoring",
          "fill": 10,
          "id": 1,
          "legend": {
            "avg": false,
            "current": false,
            "max": false,
            "min": false,
            "show": true,
            "total": false,
            "values": false
          },
          "lines": true,
          "linewidth": 0,
          "links": [],
          "nullPointMode": "null as zero",
          "percentage": false,
          "pointradius": 5,
          "points": false,
          "renderer": "flot",
          "seriesOverrides": [],
          "spaceLength": 10,
          "span": 12,
          "stack": true,
          "steppedLine": false,
          "targets": [
            {
              "expr": "count(cortex_config_hash{_=\"\"}) by (sha256)",
              "format": "time_series",
              "intervalFactor": 2,
              "legendFormat": "sha256:{{sha256}}",
              "legendLink": null,
              "step": 10
            }
          ],
          "thresholds": [],
          "timeFrom": null,
          "timeShift": null,
          "title": "Startup config file hashes",
          "tooltip": {
            "shared": false,
            "sort": 0,
            "value_type": "individual"
          },
          "type": "timeseries",
          "xaxis": {
            "buckets": null,
            "mode": "time",
            "name": null,
            "show": true,
            "values": []
          },
          "yaxes": [
            {
              "format": "instances",
              "label": null,
              "logBase": 1,
              "max": null,
              "min": 0,
              "show": true
            },
            {
              "format": "short",
              "label": null,
              "logBase": 1,
              "max": null,
              "min": null,
              "show": false
            }
          ]
        }
      ],
      "repeat": null,
      "repeatIteration": null,
      "repeatRowId": null,
      "showTitle": true,
      "title": "Startup config file",
      "titleSize": "h6"
    },
    {
      "collapse": false,
      "height": "250px",
      "panels": [
        {
          "aliasColors": {},
          "bars": false,
          "dashLength": 10,
          "dashes": false,
          "datasource": "GEM system monitoring",
          "fill": 10,
          "id": 2,
          "legend": {
            "avg": false,
            "current": false,
            "max": false,
            "min": false,
            "show": true,
            "total": false,
            "values": false
          },
          "lines": true,
          "linewidth": 0,
          "links": [],
          "nullPointMode": "null as zero",
          "percentage": false,
          "pointradius": 5,
          "points": false,
          "renderer": "flot",
          "seriesOverrides": [],
          "spaceLength": 10,
          "span": 12,
          "stack": true,
          "steppedLine": false,
          "targets": [
            {
              "expr": "count(cortex_runtime_config_hash{_=\"\"}) by (sha256)",
              "format": "time_series",
              "intervalFactor": 2,
              "legendFormat": "sha256:{{sha256}}",
              "legendLink": null,
              "step": 10
            }
          ],
          "thresholds": [],
          "timeFrom": null,
          "timeShift": null,
          "title": "Runtime config file hashes",
          "tooltip": {
            "shared": false,
            "sort": 0,
            "value_type": "individual"
          },
          "type": "timeseries",
          "xaxis": {
            "buckets": null,
            "mode": "time",
            "name": null,
            "show": true,
            "values": []
          },
          "yaxes": [
            {
              "format": "instances",
              "label": null,
              "logBase": 1,
              "max": null,
              "min": 0,
              "show": true
            },
            {
              "format": "short",
              "label": null,
              "logBase": 1,
              "max": null,
              "min": null,
              "show": false
            }
          ]
        }
      ],
      "repeat": null,
      "repeatIteration": null,
      "repeatRowId": null,
      "showTitle": true,
      "title": "Runtime config file",
      "titleSize": "h6"
    }
  ],
  "schemaVersion": 14,
  "style": "dark",
  "tags": ["GEM", "self-monitoring"],
  "templating": {
    "list": []
  },
  "time": {
    "from": "now-1h",
    "to": "now"
  },
  "timepicker": {
    "refresh_intervals": ["5s", "10s", "30s", "1m", "5m", "15m", "30m", "1h", "2h", "1d"],
    "time_options": ["5m", "15m", "1h", "6h", "12h", "24h", "2d", "7d", "30d"]
  },
  "timezone": "utc",
  "title": "Config",
  "uid": "gem---config",
  "version": 0
}
