{
  "annotations": {
    "list": []
  },
  "editable": false,
  "gnetId": null,
  "graphTooltip": 0,
  "hideControls": false,
  "links": [
    {
      "asDropdown": true,
      "icon": "external link",
      "includeVars": true,
      "keepTime": true,
      "tags": ["GEM", "self-monitoring"],
      "targetBlank": false,
      "title": "GEM system monitoring",
      "type": "dashboards"
    }
  ],
  "refresh": "10s",
  "rows": [
    {
      "collapse": false,
      "height": "250px",
      "panels": [
        {
          "content": "The 'Status' panel shows an overview on the cluster health over the time.\nVisit the following specific dashboards to investigate failures in a specific area:\n\n- <a target=\"_blank\" href=\"./d/gem---writes/mimir-writes?${__url_time_range}&${__all_variables}\">Writes</a>\n- <a target=\"_blank\" href=\"./d/gem---reads/mimir-reads?${__url_time_range}&${__all_variables}\">Reads</a>\n- <a target=\"_blank\" href=\"./d/gem---ruler/mimir-ruler?${__url_time_range}&${__all_variables}\">Rule evaluations</a>\n- <a target=\"_blank\" href=\"./d/gem---alertmanager/mimir-alertmanager?${__url_time_range}&${__all_variables}\">Alerting notifications</a>\n- <a target=\"_blank\" href=\"./d/gem---object-store/mimir-object-store?${__url_time_range}&${__all_variables}\">Object storage</a>\n",
          "datasource": null,
          "description": "",
          "id": 1,
          "mode": "markdown",
          "span": 3,
          "title": "",
          "transparent": true,
          "type": "text"
        },
        {
          "datasource": "GEM system monitoring",
          "fieldConfig": {
            "defaults": {
              "color": {
                "mode": "thresholds"
              },
              "thresholds": {
                "mode": "absolute",
                "steps": [
                  {
                    "color": "#7EB26D",
                    "value": null
                  },
                  {
                    "color": "#EAB839",
                    "value": 0.01
                  },
                  {
                    "color": "#E24D42",
                    "value": 0.050000000000000003
                  }
                ]
              }
            }
          },
          "id": 2,
          "options": {
            "showValue": "never"
          },
          "span": 6,
          "targets": [
            {
              "exemplar": false,
              "expr": "(\n    sum(rate(cortex_request_duration_seconds_count{target=~\"(.*,)?gateway(,.*)?\", route=~\"api_(v1|prom)_push|otlp_v1_metrics\",status_code=~\"5.*\"}[$__rate_interval]))\n    or\n    # Handle the case no failure has been tracked yet.\n    vector(0)\n)\n/\nsum(rate(cortex_request_duration_seconds_count{target=~\"(.*,)?gateway(,.*)?\", route=~\"api_(v1|prom)_push|otlp_v1_metrics\"}[$__rate_interval]))\n",
              "instant": false,
              "legendFormat": "Writes",
              "range": true
            },
            {
              "exemplar": false,
              "expr": "(\n    sum(rate(cortex_request_duration_seconds_count{target=~\"(.*,)?gateway(,.*)?\", route=~\"(prometheus|api_prom)_api_v1_.+\",status_code=~\"5.*\"}[$__rate_interval]))\n    or\n    # Handle the case no failure has been tracked yet.\n    vector(0)\n)\n/\nsum(rate(cortex_request_duration_seconds_count{target=~\"(.*,)?gateway(,.*)?\", route=~\"(prometheus|api_prom)_api_v1_.+\"}[$__rate_interval]))\n",
              "instant": false,
              "legendFormat": "Reads",
              "range": true
            },
            {
              "exemplar": false,
              "expr": "(\n  (\n      sum(rate(cortex_prometheus_rule_evaluation_failures_total{target=~\"(.*,)?(ruler|all)(,.*)?\"}[$__rate_interval]))\n      +\n      # Consider missed evaluations as failures.\n      sum(rate(cortex_prometheus_rule_group_iterations_missed_total{target=~\"(.*,)?(ruler|all)(,.*)?\"}[$__rate_interval]))\n  )\n  or\n  # Handle the case no failure has been tracked yet.\n  vector(0)\n)\n/\nsum(rate(cortex_prometheus_rule_evaluations_total{target=~\"(.*,)?(ruler|all)(,.*)?\"}[$__rate_interval]))\n",
              "instant": false,
              "legendFormat": "Rule evaluations",
              "range": true
            },
            {
              "exemplar": false,
              "expr": "(\n  # Failed notifications from ruler to Alertmanager (handling the case the ruler metrics are missing).\n  ((sum(rate(cortex_prometheus_notifications_errors_total{target=~\"(.*,)?(ruler|all)(,.*)?\"}[$__rate_interval]))\n) or vector(0))\n  +\n  # Failed notifications from Alertmanager to receivers (handling the case the alertmanager metrics are missing).\n  ((sum(target_integration:cortex_alertmanager_notifications_failed_total:rate5m{target=~\"(alertmanager|cortex|mimir|mimir-backend)\"})\n) or vector(0))\n)\n/\n(\n  # Total notifications from ruler to Alertmanager (handling the case the ruler metrics are missing).\n  ((sum(rate(cortex_prometheus_notifications_sent_total{target=~\"(.*,)?(ruler|all)(,.*)?\"}[$__rate_interval]))\n) or vector(0))\n  +\n  # Total notifications from Alertmanager to receivers (handling the case the alertmanager metrics are missing).\n  ((sum(target_integration:cortex_alertmanager_notifications_total:rate5m{target=~\"(alertmanager|cortex|mimir|mimir-backend)\"})\n) or vector(0))\n)\n",
              "instant": false,
              "legendFormat": "Alerting notifications",
              "range": true
            },
            {
              "exemplar": false,
              "expr": "sum(rate(thanos_objstore_bucket_operation_failures_total{_=\"\"}[$__rate_interval]))\n/\nsum(rate(thanos_objstore_bucket_operations_total{_=\"\"}[$__rate_interval]))\n",
              "instant": false,
              "legendFormat": "Object storage",
              "range": true
            }
          ],
          "title": "Status",
          "type": "state-timeline"
        },
        {
          "id": 3,
          "options": {
            "alertInstanceLabelFilter": "_=\"\"",
            "alertName": "GEM",
            "dashboardAlerts": false,
            "maxItems": 100,
            "sortOrder": 3,
            "stateFilter": {
              "error": true,
              "firing": true,
              "noData": false,
              "normal": false,
              "pending": false
            }
          },
          "span": 3,
          "title": "Firing alerts",
          "type": "alertlist"
        }
      ],
      "repeat": null,
      "repeatIteration": null,
      "repeatRowId": null,
      "showTitle": true,
      "title": "GEM cluster health",
      "titleSize": "h6"
    },
    {
      "collapse": false,
      "height": "250px",
      "panels": [
        {
          "content": "These panels show an overview on the write path. Requests rate and latency is measured on the gateway.\nVisit the following specific dashboards to drill down into the write path:\n\n- <a target=\"_blank\" href=\"./d/gem---writes/mimir-writes?${__url_time_range}&${__all_variables}\">Writes</a>\n- <a target=\"_blank\" href=\"./d/gem---writes-resources/mimir-writes-resources?${__url_time_range}&${__all_variables}\">Writes resources</a>\n",
          "datasource": null,
          "description": "",
          "id": 4,
          "mode": "markdown",
          "span": 3,
          "title": "",
          "transparent": true,
          "type": "text"
        },
        {
          "aliasColors": {
            "1xx": "#EAB839",
            "2xx": "#7EB26D",
            "3xx": "#6ED0E0",
            "4xx": "#EF843C",
            "5xx": "#E24D42",
            "error": "#E24D42",
            "success": "#7EB26D"
          },
          "bars": false,
          "dashLength": 10,
          "dashes": false,
          "datasource": "GEM system monitoring",
          "fill": 10,
          "id": 5,
          "legend": {
            "avg": false,
            "current": false,
            "max": false,
            "min": false,
            "show": true,
            "total": false,
            "values": false
          },
          "lines": true,
          "linewidth": 0,
          "links": [],
          "nullPointMode": "null as zero",
          "percentage": false,
          "pointradius": 5,
          "points": false,
          "renderer": "flot",
          "seriesOverrides": [],
          "spaceLength": 10,
          "span": 3,
          "stack": true,
          "steppedLine": false,
          "targets": [
            {
              "expr": "sum by (status) (\n  label_replace(label_replace(rate(cortex_request_duration_seconds_count{target=~\"(.*,)?gateway(,.*)?\", route=~\"api_(v1|prom)_push|otlp_v1_metrics\"}[$__rate_interval]),\n  \"status\", \"${1}xx\", \"status_code\", \"([0-9])..\"),\n  \"status\", \"${1}\", \"status_code\", \"([a-z]+)\"))\n",
              "format": "time_series",
              "intervalFactor": 2,
              "legendFormat": "{{status}}",
              "refId": "A",
              "step": 10
            }
          ],
          "thresholds": [],
          "timeFrom": null,
          "timeShift": null,
          "title": "Write requests / sec (gateway)",
          "tooltip": {
            "shared": false,
            "sort": 0,
            "value_type": "individual"
          },
          "type": "timeseries",
          "xaxis": {
            "buckets": null,
            "mode": "time",
            "name": null,
            "show": true,
            "values": []
          },
          "yaxes": [
            {
              "format": "reqps",
              "label": null,
              "logBase": 1,
              "max": null,
              "min": 0,
              "show": true
            },
            {
              "format": "short",
              "label": null,
              "logBase": 1,
              "max": null,
              "min": null,
              "show": false
            }
          ]
        },
        {
          "aliasColors": {},
          "bars": false,
          "dashLength": 10,
          "dashes": false,
          "datasource": "GEM system monitoring",
          "fill": 1,
          "id": 6,
          "legend": {
            "avg": false,
            "current": false,
            "max": false,
            "min": false,
            "show": true,
            "total": false,
            "values": false
          },
          "lines": true,
          "linewidth": 1,
          "links": [],
          "nullPointMode": "null as zero",
          "percentage": false,
          "pointradius": 5,
          "points": false,
          "renderer": "flot",
          "seriesOverrides": [],
          "spaceLength": 10,
          "span": 3,
          "stack": false,
          "steppedLine": false,
          "targets": [
            {
              "expr": "histogram_quantile(0.99, sum by (le) (target_route:cortex_request_duration_seconds_bucket:sum_rate{target=~\"(.*,)?gateway(,.*)?\", route=~\"api_(v1|prom)_push|otlp_v1_metrics\"})) * 1e3",
              "format": "time_series",
              "intervalFactor": 2,
              "legendFormat": "99th Percentile",
              "refId": "A",
              "step": 10
            },
            {
              "expr": "histogram_quantile(0.50, sum by (le) (target_route:cortex_request_duration_seconds_bucket:sum_rate{target=~\"(.*,)?gateway(,.*)?\", route=~\"api_(v1|prom)_push|otlp_v1_metrics\"})) * 1e3",
              "format": "time_series",
              "intervalFactor": 2,
              "legendFormat": "50th Percentile",
              "refId": "B",
              "step": 10
            },
            {
              "expr": "1e3 * sum(target_route:cortex_request_duration_seconds_sum:sum_rate{target=~\"(.*,)?gateway(,.*)?\", route=~\"api_(v1|prom)_push|otlp_v1_metrics\"}) / sum(target_route:cortex_request_duration_seconds_count:sum_rate{target=~\"(.*,)?gateway(,.*)?\", route=~\"api_(v1|prom)_push|otlp_v1_metrics\"})",
              "format": "time_series",
              "intervalFactor": 2,
              "legendFormat": "Average",
              "refId": "C",
              "step": 10
            }
          ],
          "thresholds": [],
          "timeFrom": null,
          "timeShift": null,
          "title": "Write latency (gateway)",
          "tooltip": {
            "shared": false,
            "sort": 0,
            "value_type": "individual"
          },
          "type": "timeseries",
          "xaxis": {
            "buckets": null,
            "mode": "time",
            "name": null,
            "show": true,
            "values": []
          },
          "yaxes": [
            {
              "format": "ms",
              "label": null,
              "logBase": 1,
              "max": null,
              "min": 0,
              "show": true
            },
            {
              "format": "short",
              "label": null,
              "logBase": 1,
              "max": null,
              "min": null,
              "show": false
            }
          ]
        },
        {
          "aliasColors": {},
          "bars": false,
          "dashLength": 10,
          "dashes": false,
          "datasource": "GEM system monitoring",
          "fill": 10,
          "id": 7,
          "legend": {
            "avg": false,
            "current": false,
            "max": false,
            "min": false,
            "show": true,
            "total": false,
            "values": false
          },
          "lines": true,
          "linewidth": 0,
          "links": [],
          "nullPointMode": "null as zero",
          "percentage": false,
          "pointradius": 5,
          "points": false,
          "renderer": "flot",
          "seriesOverrides": [],
          "spaceLength": 10,
          "span": 3,
          "stack": true,
          "steppedLine": false,
          "targets": [
            {
              "expr": "sum(target:cortex_distributor_received_samples:rate5m{target=~\"(.*,)?(distributor|all)(,.*)?\"})",
              "format": "time_series",
              "intervalFactor": 2,
              "legendFormat": "samples / sec",
              "legendLink": null,
              "step": 10
            },
            {
              "expr": "sum(target:cortex_distributor_received_exemplars:rate5m{target=~\"(.*,)?(distributor|all)(,.*)?\"})",
              "format": "time_series",
              "intervalFactor": 2,
              "legendFormat": "exemplars / sec",
              "legendLink": null,
              "step": 10
            }
          ],
          "thresholds": [],
          "timeFrom": null,
          "timeShift": null,
          "title": "Ingestion / sec",
          "tooltip": {
            "shared": false,
            "sort": 0,
            "value_type": "individual"
          },
          "type": "timeseries",
          "xaxis": {
            "buckets": null,
            "mode": "time",
            "name": null,
            "show": true,
            "values": []
          },
          "yaxes": [
            {
              "format": "cps",
              "label": null,
              "logBase": 1,
              "max": null,
              "min": 0,
              "show": true
            },
            {
              "format": "short",
              "label": null,
              "logBase": 1,
              "max": null,
              "min": null,
              "show": false
            }
          ]
        }
      ],
      "repeat": null,
      "repeatIteration": null,
      "repeatRowId": null,
      "showTitle": true,
      "title": "Writes",
      "titleSize": "h6"
    },
    {
      "collapse": false,
      "height": "250px",
      "panels": [
        {
          "content": "These panels show an overview on the read path. Requests rate and latency is measured on the gateway.\nVisit the following specific dashboards to drill down into the read path:\n\n- <a target=\"_blank\" href=\"./d/gem---reads/mimir-reads?${__url_time_range}&${__all_variables}\">Reads</a>\n- <a target=\"_blank\" href=\"./d/gem---reads-resources/mimir-reads-resources?${__url_time_range}&${__all_variables}\">Reads resources</a>\n- <a target=\"_blank\" href=\"./d/gem---queries/mimir-queries?${__url_time_range}&${__all_variables}\">Queries</a>\n- <a target=\"_blank\" href=\"./d/gem---compactor/mimir-compactor?${__url_time_range}&${__all_variables}\">Compactor</a>\n",
          "datasource": null,
          "description": "",
          "id": 8,
          "mode": "markdown",
          "span": 3,
          "title": "",
          "transparent": true,
          "type": "text"
        },
        {
          "aliasColors": {
            "1xx": "#EAB839",
            "2xx": "#7EB26D",
            "3xx": "#6ED0E0",
            "4xx": "#EF843C",
            "5xx": "#E24D42",
            "error": "#E24D42",
            "success": "#7EB26D"
          },
          "bars": false,
          "dashLength": 10,
          "dashes": false,
          "datasource": "GEM system monitoring",
          "fill": 10,
          "id": 9,
          "legend": {
            "avg": false,
            "current": false,
            "max": false,
            "min": false,
            "show": true,
            "total": false,
            "values": false
          },
          "lines": true,
          "linewidth": 0,
          "links": [],
          "nullPointMode": "null as zero",
          "percentage": false,
          "pointradius": 5,
          "points": false,
          "renderer": "flot",
          "seriesOverrides": [],
          "spaceLength": 10,
          "span": 3,
          "stack": true,
          "steppedLine": false,
          "targets": [
            {
              "expr": "sum by (status) (\n  label_replace(label_replace(rate(cortex_request_duration_seconds_count{target=~\"(.*,)?gateway(,.*)?\", route=~\"(prometheus|api_prom)_api_v1_.+\"}[$__rate_interval]),\n  \"status\", \"${1}xx\", \"status_code\", \"([0-9])..\"),\n  \"status\", \"${1}\", \"status_code\", \"([a-z]+)\"))\n",
              "format": "time_series",
              "intervalFactor": 2,
              "legendFormat": "{{status}}",
              "refId": "A",
              "step": 10
            }
          ],
          "thresholds": [],
          "timeFrom": null,
          "timeShift": null,
          "title": "Read requests / sec (gateway)",
          "tooltip": {
            "shared": false,
            "sort": 0,
            "value_type": "individual"
          },
          "type": "timeseries",
          "xaxis": {
            "buckets": null,
            "mode": "time",
            "name": null,
            "show": true,
            "values": []
          },
          "yaxes": [
            {
              "format": "reqps",
              "label": null,
              "logBase": 1,
              "max": null,
              "min": 0,
              "show": true
            },
            {
              "format": "short",
              "label": null,
              "logBase": 1,
              "max": null,
              "min": null,
              "show": false
            }
          ]
        },
        {
          "aliasColors": {},
          "bars": false,
          "dashLength": 10,
          "dashes": false,
          "datasource": "GEM system monitoring",
          "fill": 1,
          "id": 10,
          "legend": {
            "avg": false,
            "current": false,
            "max": false,
            "min": false,
            "show": true,
            "total": false,
            "values": false
          },
          "lines": true,
          "linewidth": 1,
          "links": [],
          "nullPointMode": "null as zero",
          "percentage": false,
          "pointradius": 5,
          "points": false,
          "renderer": "flot",
          "seriesOverrides": [],
          "spaceLength": 10,
          "span": 3,
          "stack": false,
          "steppedLine": false,
          "targets": [
            {
              "expr": "histogram_quantile(0.99, sum by (le) (target_route:cortex_request_duration_seconds_bucket:sum_rate{target=~\"(.*,)?gateway(,.*)?\", route=~\"(prometheus|api_prom)_api_v1_.+\"})) * 1e3",
              "format": "time_series",
              "intervalFactor": 2,
              "legendFormat": "99th Percentile",
              "refId": "A",
              "step": 10
            },
            {
              "expr": "histogram_quantile(0.50, sum by (le) (target_route:cortex_request_duration_seconds_bucket:sum_rate{target=~\"(.*,)?gateway(,.*)?\", route=~\"(prometheus|api_prom)_api_v1_.+\"})) * 1e3",
              "format": "time_series",
              "intervalFactor": 2,
              "legendFormat": "50th Percentile",
              "refId": "B",
              "step": 10
            },
            {
              "expr": "1e3 * sum(target_route:cortex_request_duration_seconds_sum:sum_rate{target=~\"(.*,)?gateway(,.*)?\", route=~\"(prometheus|api_prom)_api_v1_.+\"}) / sum(target_route:cortex_request_duration_seconds_count:sum_rate{target=~\"(.*,)?gateway(,.*)?\", route=~\"(prometheus|api_prom)_api_v1_.+\"})",
              "format": "time_series",
              "intervalFactor": 2,
              "legendFormat": "Average",
              "refId": "C",
              "step": 10
            }
          ],
          "thresholds": [],
          "timeFrom": null,
          "timeShift": null,
          "title": "Read latency (gateway)",
          "tooltip": {
            "shared": false,
            "sort": 0,
            "value_type": "individual"
          },
          "type": "timeseries",
          "xaxis": {
            "buckets": null,
            "mode": "time",
            "name": null,
            "show": true,
            "values": []
          },
          "yaxes": [
            {
              "format": "ms",
              "label": null,
              "logBase": 1,
              "max": null,
              "min": 0,
              "show": true
            },
            {
              "format": "short",
              "label": null,
              "logBase": 1,
              "max": null,
              "min": null,
              "show": false
            }
          ]
        },
        {
          "aliasColors": {},
          "bars": false,
          "dashLength": 10,
          "dashes": false,
          "datasource": "GEM system monitoring",
          "fill": 10,
          "id": 11,
          "legend": {
            "avg": false,
            "current": false,
            "max": false,
            "min": false,
            "show": true,
            "total": false,
            "values": false
          },
          "lines": true,
          "linewidth": 0,
          "links": [],
          "nullPointMode": "null as zero",
          "percentage": false,
          "pointradius": 5,
          "points": false,
          "renderer": "flot",
          "seriesOverrides": [],
          "spaceLength": 10,
          "span": 3,
          "stack": true,
          "steppedLine": false,
          "targets": [
            {
              "expr": "sum(rate(cortex_request_duration_seconds_count{target=~\"(.*,)?(query-frontend|all)(,.*)?\",route=~\"(prometheus|api_prom)_api_v1_query\"}[$__rate_interval]))",
              "format": "time_series",
              "intervalFactor": 2,
              "legendFormat": "instant queries",
              "legendLink": null,
              "step": 10
            },
            {
              "expr": "sum(rate(cortex_request_duration_seconds_count{target=~\"(.*,)?(query-frontend|all)(,.*)?\",route=~\"(prometheus|api_prom)_api_v1_query_range\"}[$__rate_interval]))",
              "format": "time_series",
              "intervalFactor": 2,
              "legendFormat": "range queries",
              "legendLink": null,
              "step": 10
            },
            {
              "expr": "sum(rate(cortex_request_duration_seconds_count{target=~\"(.*,)?(query-frontend|all)(,.*)?\",route=~\"(prometheus|api_prom)_api_v1_label.*\"}[$__rate_interval]))",
              "format": "time_series",
              "intervalFactor": 2,
              "legendFormat": "label queries",
              "legendLink": null,
              "step": 10
            },
            {
              "expr": "sum(rate(cortex_request_duration_seconds_count{target=~\"(.*,)?(query-frontend|all)(,.*)?\",route=~\"(prometheus|api_prom)_api_v1_series\"}[$__rate_interval]))",
              "format": "time_series",
              "intervalFactor": 2,
              "legendFormat": "series queries",
              "legendLink": null,
              "step": 10
            },
            {
              "expr": "sum(rate(cortex_request_duration_seconds_count{target=~\"(.*,)?(query-frontend|all)(,.*)?\",route=~\"(prometheus|api_prom)_api_v1_.*\",route!~\".*(query|query_range|label.*|series)\"}[$__rate_interval]))",
              "format": "time_series",
              "intervalFactor": 2,
              "legendFormat": "other",
              "legendLink": null,
              "step": 10
            }
          ],
          "thresholds": [],
          "timeFrom": null,
          "timeShift": null,
          "title": "Queries / sec",
          "tooltip": {
            "shared": false,
            "sort": 0,
            "value_type": "individual"
          },
          "type": "timeseries",
          "xaxis": {
            "buckets": null,
            "mode": "time",
            "name": null,
            "show": true,
            "values": []
          },
          "yaxes": [
            {
              "format": "reqps",
              "label": null,
              "logBase": 1,
              "max": null,
              "min": 0,
              "show": true
            },
            {
              "format": "short",
              "label": null,
              "logBase": 1,
              "max": null,
              "min": null,
              "show": false
            }
          ]
        }
      ],
      "repeat": null,
      "repeatIteration": null,
      "repeatRowId": null,
      "showTitle": true,
      "title": "Reads",
      "titleSize": "h6"
    },
    {
      "collapse": false,
      "height": "250px",
      "panels": [
        {
          "content": "These panels show an overview on the recording and alerting rules evaluation.\nVisit the following specific dashboards to drill down into the rules evaluation and alerts notifications:\n\n- <a target=\"_blank\" href=\"./d/gem---ruler/mimir-ruler?${__url_time_range}&${__all_variables}\">Ruler</a>\n- <a target=\"_blank\" href=\"./d/gem---alertmanager/mimir-alertmanager?${__url_time_range}&${__all_variables}\">Alertmanager</a>\n- <a target=\"_blank\" href=\"./d/gem---alertmanager-resources/mimir-alertmanager-resources?${__url_time_range}&${__all_variables}\">Alertmanager resources</a>\n",
          "datasource": null,
          "description": "",
          "id": 12,
          "mode": "markdown",
          "span": 3,
          "title": "",
          "transparent": true,
          "type": "text"
        },
        {
          "aliasColors": {
            "failed": "#E24D42",
            "success": "#7EB26D"
          },
          "bars": false,
          "dashLength": 10,
          "dashes": false,
          "datasource": "GEM system monitoring",
          "fill": 1,
          "id": 13,
          "legend": {
            "avg": false,
            "current": false,
            "max": false,
            "min": false,
            "show": true,
            "total": false,
            "values": false
          },
          "lines": true,
          "linewidth": 1,
          "links": [],
          "nullPointMode": "null as zero",
          "percentage": false,
          "pointradius": 5,
          "points": false,
          "renderer": "flot",
          "seriesOverrides": [],
          "spaceLength": 10,
          "span": 3,
          "stack": false,
          "steppedLine": false,
          "targets": [
            {
              "expr": "sum(rate(cortex_prometheus_rule_evaluations_total{target=~\"(.*,)?(ruler|all)(,.*)?\"}[$__rate_interval]))\n-\nsum(rate(cortex_prometheus_rule_evaluation_failures_total{target=~\"(.*,)?(ruler|all)(,.*)?\"}[$__rate_interval]))\n",
              "format": "time_series",
              "intervalFactor": 2,
              "legendFormat": "success",
              "legendLink": null,
              "step": 10
            },
            {
              "expr": "sum(rate(cortex_prometheus_rule_evaluation_failures_total{target=~\"(.*,)?(ruler|all)(,.*)?\"}[$__rate_interval]))",
              "format": "time_series",
              "intervalFactor": 2,
              "legendFormat": "failed",
              "legendLink": null,
              "step": 10
            },
            {
              "expr": "sum(rate(cortex_prometheus_rule_group_iterations_missed_total{target=~\"(.*,)?(ruler|all)(,.*)?\"}[$__rate_interval]))",
              "format": "time_series",
              "intervalFactor": 2,
              "legendFormat": "missed",
              "legendLink": null,
              "step": 10
            }
          ],
          "thresholds": [],
          "timeFrom": null,
          "timeShift": null,
          "title": "Rule evaluations / sec",
          "tooltip": {
            "shared": false,
            "sort": 0,
            "value_type": "individual"
          },
          "type": "timeseries",
          "xaxis": {
            "buckets": null,
            "mode": "time",
            "name": null,
            "show": true,
            "values": []
          },
          "yaxes": [
            {
              "format": "short",
              "label": null,
              "logBase": 1,
              "max": null,
              "min": 0,
              "show": true
            },
            {
              "format": "short",
              "label": null,
              "logBase": 1,
              "max": null,
              "min": null,
              "show": false
            }
          ]
        },
        {
          "aliasColors": {},
          "bars": false,
          "dashLength": 10,
          "dashes": false,
          "datasource": "GEM system monitoring",
          "fill": 1,
          "id": 14,
          "legend": {
            "avg": false,
            "current": false,
            "max": false,
            "min": false,
            "show": true,
            "total": false,
            "values": false
          },
          "lines": true,
          "linewidth": 1,
          "links": [],
          "nullPointMode": "null as zero",
          "percentage": false,
          "pointradius": 5,
          "points": false,
          "renderer": "flot",
          "seriesOverrides": [],
          "spaceLength": 10,
          "span": 3,
          "stack": false,
          "steppedLine": false,
          "targets": [
            {
              "expr": "sum (rate(cortex_prometheus_rule_evaluation_duration_seconds_sum{target=~\"(.*,)?(ruler|all)(,.*)?\"}[$__rate_interval]))\n  /\nsum (rate(cortex_prometheus_rule_evaluation_duration_seconds_count{target=~\"(.*,)?(ruler|all)(,.*)?\"}[$__rate_interval]))\n",
              "format": "time_series",
              "intervalFactor": 2,
              "legendFormat": "average",
              "legendLink": null,
              "step": 10
            }
          ],
          "thresholds": [],
          "timeFrom": null,
          "timeShift": null,
          "title": "Rule evaluations latency",
          "tooltip": {
            "shared": false,
            "sort": 0,
            "value_type": "individual"
          },
          "type": "timeseries",
          "xaxis": {
            "buckets": null,
            "mode": "time",
            "name": null,
            "show": true,
            "values": []
          },
          "yaxes": [
            {
              "format": "s",
              "label": null,
              "logBase": 1,
              "max": null,
              "min": 0,
              "show": true
            },
            {
              "format": "short",
              "label": null,
              "logBase": 1,
              "max": null,
              "min": null,
              "show": false
            }
          ]
        },
        {
          "aliasColors": {
            "failed": "#E24D42",
            "successful": "#7EB26D"
          },
          "bars": false,
          "dashLength": 10,
          "dashes": false,
          "datasource": "GEM system monitoring",
          "fill": 10,
          "id": 15,
          "legend": {
            "avg": false,
            "current": false,
            "max": false,
            "min": false,
            "show": true,
            "total": false,
            "values": false
          },
          "lines": true,
          "linewidth": 0,
          "links": [],
          "nullPointMode": "null as zero",
          "percentage": false,
          "pointradius": 5,
          "points": false,
          "renderer": "flot",
          "seriesOverrides": [],
          "spaceLength": 10,
          "span": 3,
          "stack": true,
          "steppedLine": false,
          "targets": [
            {
              "expr": "sum(rate(cortex_prometheus_notifications_sent_total{target=~\"(.*,)?(ruler|all)(,.*)?\"}[$__rate_interval]))\n  -\nsum(rate(cortex_prometheus_notifications_errors_total{target=~\"(.*,)?(ruler|all)(,.*)?\"}[$__rate_interval]))\n",
              "format": "time_series",
              "intervalFactor": 2,
              "legendFormat": "successful",
              "legendLink": null,
              "step": 10
            },
            {
              "expr": "sum(rate(cortex_prometheus_notifications_errors_total{target=~\"(.*,)?(ruler|all)(,.*)?\"}[$__rate_interval]))\n",
              "format": "time_series",
              "intervalFactor": 2,
              "legendFormat": "failed",
              "legendLink": null,
              "step": 10
            }
          ],
          "thresholds": [],
          "timeFrom": null,
          "timeShift": null,
          "title": "Alerting notifications sent to Alertmanager / sec",
          "tooltip": {
            "shared": false,
            "sort": 0,
            "value_type": "individual"
          },
          "type": "timeseries",
          "xaxis": {
            "buckets": null,
            "mode": "time",
            "name": null,
            "show": true,
            "values": []
          },
          "yaxes": [
            {
              "format": "short",
              "label": null,
              "logBase": 1,
              "max": null,
              "min": 0,
              "show": true
            },
            {
              "format": "short",
              "label": null,
              "logBase": 1,
              "max": null,
              "min": null,
              "show": false
            }
          ]
        }
      ],
      "repeat": null,
      "repeatIteration": null,
      "repeatRowId": null,
      "showTitle": true,
      "title": "Recording and alerting rules",
      "titleSize": "h6"
    },
    {
      "collapse": false,
      "height": "250px",
      "panels": [
        {
          "content": "These panels show an overview on the long-term storage (object storage).\nVisit the following specific dashboards to drill down into the storage:\n\n- <a target=\"_blank\" href=\"./d/gem---object-store/mimir-object-store?${__url_time_range}&${__all_variables}\">Object store</a>\n- <a target=\"_blank\" href=\"./d/gem---compactor/mimir-compactor?${__url_time_range}&${__all_variables}\">Compactor</a>\n",
          "datasource": null,
          "description": "",
          "id": 16,
          "mode": "markdown",
          "span": 3,
          "title": "",
          "transparent": true,
          "type": "text"
        },
        {
          "aliasColors": {
            "failed": "#E24D42",
            "successful": "#7EB26D"
          },
          "bars": false,
          "dashLength": 10,
          "dashes": false,
          "datasource": "GEM system monitoring",
          "fill": 10,
          "id": 17,
          "legend": {
            "avg": false,
            "current": false,
            "max": false,
            "min": false,
            "show": true,
            "total": false,
            "values": false
          },
          "lines": true,
          "linewidth": 0,
          "links": [],
          "nullPointMode": "null as zero",
          "percentage": false,
          "pointradius": 5,
          "points": false,
          "renderer": "flot",
          "seriesOverrides": [],
          "spaceLength": 10,
          "span": 3,
          "stack": true,
          "steppedLine": false,
          "targets": [
            {
              "expr": "sum(rate(thanos_objstore_bucket_operations_total{_=\"\"}[$__rate_interval]))\n-\nsum(rate(thanos_objstore_bucket_operation_failures_total{_=\"\"}[$__rate_interval]))\n",
              "format": "time_series",
              "intervalFactor": 2,
              "legendFormat": "successful",
              "legendLink": null,
              "step": 10
            },
            {
              "expr": "sum(rate(thanos_objstore_bucket_operation_failures_total{_=\"\"}[$__rate_interval]))\n",
              "format": "time_series",
              "intervalFactor": 2,
              "legendFormat": "failed",
              "legendLink": null,
              "step": 10
            }
          ],
          "thresholds": [],
          "timeFrom": null,
          "timeShift": null,
          "title": "Requests / sec",
          "tooltip": {
            "shared": false,
            "sort": 0,
            "value_type": "individual"
          },
          "type": "timeseries",
          "xaxis": {
            "buckets": null,
            "mode": "time",
            "name": null,
            "show": true,
            "values": []
          },
          "yaxes": [
            {
              "format": "reqps",
              "label": null,
              "logBase": 1,
              "max": null,
              "min": 0,
              "show": true
            },
            {
              "format": "short",
              "label": null,
              "logBase": 1,
              "max": null,
              "min": null,
              "show": false
            }
          ]
        },
        {
          "aliasColors": {},
          "bars": false,
          "dashLength": 10,
          "dashes": false,
          "datasource": "GEM system monitoring",
          "fill": 10,
          "id": 18,
          "legend": {
            "avg": false,
            "current": false,
            "max": false,
            "min": false,
            "show": true,
            "total": false,
            "values": false
          },
          "lines": true,
          "linewidth": 0,
          "links": [],
          "nullPointMode": "null as zero",
          "percentage": false,
          "pointradius": 5,
          "points": false,
          "renderer": "flot",
          "seriesOverrides": [],
          "spaceLength": 10,
          "span": 3,
          "stack": true,
          "steppedLine": false,
          "targets": [
            {
              "expr": "sum by(operation) (rate(thanos_objstore_bucket_operations_total{_=\"\"}[$__rate_interval]))",
              "format": "time_series",
              "intervalFactor": 2,
              "legendFormat": "{{operation}}",
              "legendLink": null,
              "step": 10
            }
          ],
          "thresholds": [],
          "timeFrom": null,
          "timeShift": null,
          "title": "Operations / sec",
          "tooltip": {
            "shared": false,
            "sort": 0,
            "value_type": "individual"
          },
          "type": "timeseries",
          "xaxis": {
            "buckets": null,
            "mode": "time",
            "name": null,
            "show": true,
            "values": []
          },
          "yaxes": [
            {
              "format": "reqps",
              "label": null,
              "logBase": 1,
              "max": null,
              "min": 0,
              "show": true
            },
            {
              "format": "short",
              "label": null,
              "logBase": 1,
              "max": null,
              "min": null,
              "show": false
            }
          ]
        },
        {
          "aliasColors": {},
          "bars": false,
          "dashLength": 10,
          "dashes": false,
          "datasource": "GEM system monitoring",
          "fill": 1,
          "id": 19,
          "legend": {
            "avg": false,
            "current": false,
            "max": false,
            "min": false,
            "show": true,
            "total": false,
            "values": false
          },
          "lines": true,
          "linewidth": 1,
          "links": [],
          "nullPointMode": "null as zero",
          "percentage": false,
          "pointradius": 5,
          "points": false,
          "renderer": "flot",
          "seriesOverrides": [],
          "spaceLength": 10,
          "span": 3,
          "stack": false,
          "steppedLine": false,
          "targets": [
            {
              "expr": "sum(max by(user) (max_over_time(cortex_bucket_blocks_count{target=~\"(.*,)?(compactor|all)(,.*)?\"}[15m])))",
              "format": "time_series",
              "intervalFactor": 2,
              "legendFormat": "blocks",
              "legendLink": null,
              "step": 10
            }
          ],
          "thresholds": [],
          "timeFrom": null,
          "timeShift": null,
          "title": "Total number of blocks in the storage",
          "tooltip": {
            "shared": false,
            "sort": 0,
            "value_type": "individual"
          },
          "type": "timeseries",
          "xaxis": {
            "buckets": null,
            "mode": "time",
            "name": null,
            "show": true,
            "values": []
          },
          "yaxes": [
            {
              "format": "short",
              "label": null,
              "logBase": 1,
              "max": null,
              "min": 0,
              "show": true
            },
            {
              "format": "short",
              "label": null,
              "logBase": 1,
              "max": null,
              "min": null,
              "show": false
            }
          ]
        }
      ],
      "repeat": null,
      "repeatIteration": null,
      "repeatRowId": null,
      "showTitle": true,
      "title": "Long-term storage (object storage)",
      "titleSize": "h6"
    }
  ],
  "schemaVersion": 14,
  "style": "dark",
  "tags": ["GEM", "self-monitoring"],
  "templating": {
    "list": []
  },
  "time": {
    "from": "now-1h",
    "to": "now"
  },
  "timepicker": {
    "refresh_intervals": ["5s", "10s", "30s", "1m", "5m", "15m", "30m", "1h", "2h", "1d"],
    "time_options": ["5m", "15m", "1h", "6h", "12h", "24h", "2d", "7d", "30d"]
  },
  "timezone": "utc",
  "title": "Overview",
  "uid": "gem---overview",
  "version": 0
}
