{
  "annotations": {
    "list": []
  },
  "editable": false,
  "gnetId": null,
  "graphTooltip": 0,
  "hideControls": false,
  "links": [
    {
      "asDropdown": true,
      "icon": "external link",
      "includeVars": true,
      "keepTime": true,
      "tags": ["GEM", "self-monitoring"],
      "targetBlank": false,
      "title": "GEM system monitoring",
      "type": "dashboards"
    }
  ],
  "refresh": "10s",
  "rows": [
    {
      "collapse": false,
      "height": "250px",
      "panels": [
        {
          "aliasColors": {
            "completed": "#7EB26D",
            "failed": "#E24D42",
            "started": "#34CCEB"
          },
          "bars": true,
          "dashLength": 10,
          "dashes": false,
          "datasource": "GEM system monitoring",
          "description": "### Per-instance runs\nNumber of times a compactor instance triggers a compaction across all tenants that it manages.\n\n",
          "fill": 10,
          "id": 1,
          "legend": {
            "avg": false,
            "current": false,
            "max": false,
            "min": false,
            "show": true,
            "total": false,
            "values": false
          },
          "lines": false,
          "linewidth": 0,
          "links": [],
          "nullPointMode": "null as zero",
          "percentage": false,
          "pointradius": 5,
          "points": false,
          "renderer": "flot",
          "seriesOverrides": [],
          "spaceLength": 10,
          "span": 3,
          "stack": true,
          "steppedLine": false,
          "targets": [
            {
              "expr": "sum(rate(cortex_compactor_runs_started_total{target=~\"(.*,)?(compactor|all)(,.*)?\"}[$__rate_interval]))",
              "format": "time_series",
              "intervalFactor": 2,
              "legendFormat": "started",
              "legendLink": null,
              "step": 10
            },
            {
              "expr": "sum(rate(cortex_compactor_runs_completed_total{target=~\"(.*,)?(compactor|all)(,.*)?\"}[$__rate_interval]))",
              "format": "time_series",
              "intervalFactor": 2,
              "legendFormat": "completed",
              "legendLink": null,
              "step": 10
            },
            {
              "expr": "sum(rate(cortex_compactor_runs_failed_total{target=~\"(.*,)?(compactor|all)(,.*)?\"}[$__rate_interval]))",
              "format": "time_series",
              "intervalFactor": 2,
              "legendFormat": "failed",
              "legendLink": null,
              "step": 10
            }
          ],
          "thresholds": [],
          "timeFrom": null,
          "timeShift": null,
          "title": "Per-instance runs / sec",
          "tooltip": {
            "shared": false,
            "sort": 0,
            "value_type": "individual"
          },
          "type": "timeseries",
          "xaxis": {
            "buckets": null,
            "mode": "time",
            "name": null,
            "show": true,
            "values": []
          },
          "yaxes": [
            {
              "format": "ops",
              "label": null,
              "logBase": 1,
              "max": null,
              "min": 0,
              "show": true
            },
            {
              "format": "short",
              "label": null,
              "logBase": 1,
              "max": null,
              "min": null,
              "show": false
            }
          ]
        },
        {
          "aliasColors": {},
          "bars": false,
          "dashLength": 10,
          "dashes": false,
          "datasource": "GEM system monitoring",
          "description": "### Tenants compaction progress\nIn a multi-tenant cluster, display the progress of tenants that are compacted while compaction is running.\nReset to <tt>0</tt> after the compaction run is completed for all tenants in the shard.\n\n",
          "fill": 1,
          "id": 2,
          "legend": {
            "avg": false,
            "current": false,
            "max": false,
            "min": false,
            "show": true,
            "total": false,
            "values": false
          },
          "lines": true,
          "linewidth": 1,
          "links": [],
          "nullPointMode": "null as zero",
          "percentage": false,
          "pointradius": 5,
          "points": false,
          "renderer": "flot",
          "seriesOverrides": [],
          "spaceLength": 10,
          "span": 3,
          "stack": false,
          "steppedLine": false,
          "targets": [
            {
              "expr": "(\n  cortex_compactor_tenants_processing_succeeded{target=~\"(.*,)?(compactor|all)(,.*)?\"} +\n  cortex_compactor_tenants_processing_failed{target=~\"(.*,)?(compactor|all)(,.*)?\"} +\n  cortex_compactor_tenants_skipped{target=~\"(.*,)?(compactor|all)(,.*)?\"}\n)\n/\ncortex_compactor_tenants_discovered{target=~\"(.*,)?(compactor|all)(,.*)?\"}\n",
              "format": "time_series",
              "intervalFactor": 2,
              "legendFormat": "{{instance}}",
              "legendLink": null,
              "step": 10
            }
          ],
          "thresholds": [],
          "timeFrom": null,
          "timeShift": null,
          "title": "Tenants compaction progress",
          "tooltip": {
            "shared": false,
            "sort": 0,
            "value_type": "individual"
          },
          "type": "timeseries",
          "xaxis": {
            "buckets": null,
            "mode": "time",
            "name": null,
            "show": true,
            "values": []
          },
          "yaxes": [
            {
              "format": "percentunit",
              "label": null,
              "logBase": 1,
              "max": 1,
              "min": 0,
              "show": true
            },
            {
              "format": "short",
              "label": null,
              "logBase": 1,
              "max": null,
              "min": null,
              "show": false
            }
          ]
        },
        {
          "aliasColors": {},
          "bars": false,
          "dashLength": 10,
          "dashes": false,
          "datasource": "GEM system monitoring",
          "description": "### Longest time since last successful run\nDisplays the amount of time since the most recent successful execution\nof the compactor.\nThe value shown will be for the compactor replica that has the longest time since its\nlast successful run.\nThe table to the right shows a summary for all compactor replicas.\n\nIf there is no time value, one of the following messages might appear:\n\n- If you see \"No compactor data\" in this panel, that means that no compactors are active yet.\n\n- If you see \"No successful runs\" in this panel, that means that compactors are active, but none\n  of them were successfully executed yet.\n\nThese might be expected - for example, if you just recently restarted your compactors,\nthey might not have had a chance to complete their first compaction run.\nHowever, if these messages persist, you should check the health of your compactors.\n\n",
          "fieldConfig": {
            "defaults": {
              "color": {
                "mode": "thresholds"
              },
              "decimals": 1,
              "noValue": "No compactor data",
              "thresholds": {
                "mode": "absolute",
                "steps": []
              },
              "unit": "s"
            },
            "overrides": [
              {
                "matcher": {
                  "id": "byName",
                  "options": "Last run"
                },
                "properties": [
                  {
                    "id": "custom.width",
                    "value": 74
                  },
                  {
                    "id": "mappings",
                    "value": [
                      {
                        "options": {
                          "from": "-Infinity",
                          "result": {
                            "color": "text",
                            "text": "No successful runs since startup yet"
                          },
                          "to": 0
                        },
                        "type": "range"
                      }
                    ]
                  },
                  {
                    "id": "color",
                    "value": {
                      "mode": "thresholds"
                    }
                  },
                  {
                    "id": "thresholds",
                    "value": {
                      "mode": "absolute",
                      "steps": [
                        {
                          "color": "green",
                          "value": 0
                        },
                        {
                          "color": "yellow",
                          "value": 7200
                        },
                        {
                          "color": "orange",
                          "value": 21600
                        },
                        {
                          "color": "red",
                          "value": 43200
                        }
                      ]
                    }
                  }
                ]
              }
            ]
          },
          "fill": 1,
          "id": 3,
          "legend": {
            "avg": false,
            "current": false,
            "max": false,
            "min": false,
            "show": true,
            "total": false,
            "values": false
          },
          "lines": true,
          "linewidth": 1,
          "links": [],
          "nullPointMode": "null as zero",
          "options": {
            "reduceOptions": {
              "calcs": ["first"],
              "fields": "/^Last run$/",
              "values": false
            },
            "textMode": "value"
          },
          "percentage": false,
          "pointradius": 5,
          "points": false,
          "renderer": "flot",
          "seriesOverrides": [],
          "spaceLength": 10,
          "span": 3,
          "stack": false,
          "steppedLine": false,
          "targets": [
            {
              "expr": "max by(instance)\n(\n  (time() * (max_over_time(cortex_compactor_last_successful_run_timestamp_seconds{target=~\"(.*,)?(compactor|all)(,.*)?\"}[1h]) !=bool 0))\n  -\n  max_over_time(cortex_compactor_last_successful_run_timestamp_seconds{target=~\"(.*,)?(compactor|all)(,.*)?\"}[1h])\n)\n",
              "format": "table",
              "instant": true,
              "interval": "",
              "intervalFactor": null,
              "legendFormat": "",
              "legendLink": null,
              "step": null
            }
          ],
          "thresholds": [],
          "timeFrom": null,
          "timeShift": null,
          "title": "Longest time since last successful run",
          "tooltip": {
            "shared": false,
            "sort": 0,
            "value_type": "individual"
          },
          "transformations": [
            {
              "id": "organize",
              "options": {
                "renameByName": {
                  "Value": "Last run",
                  "instance": "Compactor"
                }
              }
            },
            {
              "id": "sortBy",
              "options": {
                "sort": [
                  {
                    "desc": true,
                    "field": "Last run"
                  }
                ]
              }
            }
          ],
          "type": "stat",
          "xaxis": {
            "buckets": null,
            "mode": "time",
            "name": null,
            "show": true,
            "values": []
          },
          "yaxes": [
            {
              "format": "short",
              "label": null,
              "logBase": 1,
              "max": null,
              "min": 0,
              "show": true
            },
            {
              "format": "short",
              "label": null,
              "logBase": 1,
              "max": null,
              "min": null,
              "show": false
            }
          ]
        },
        {
          "aliasColors": {},
          "bars": false,
          "dashLength": 10,
          "dashes": false,
          "datasource": "GEM system monitoring",
          "description": "### Last successful run per-compactor replica\nDisplays the compactor replicas, and for each, shows how long it has been since\nits last successful compaction run.\n\nThe value in the status column is based on how long it has been since the last successful compaction.\n\n- Okay: less than 2 hours\n- Delayed: more than 2 hours\n- Late: more than 6 hours\n- Very late: more than 12 hours\n\nIf the status of any compactor replicas are *Late* or *Very late*, check their health.\n\n",
          "fieldConfig": {
            "overrides": [
              {
                "matcher": {
                  "id": "byName",
                  "options": "Status"
                },
                "properties": [
                  {
                    "id": "custom.displayMode",
                    "value": "color-background"
                  },
                  {
                    "id": "mappings",
                    "value": [
                      {
                        "options": {
                          "from": "-Infinity",
                          "result": {
                            "color": "transparent",
                            "text": "N/A"
                          },
                          "to": 0
                        },
                        "type": "range"
                      },
                      {
                        "options": {
                          "from": 0,
                          "result": {
                            "color": "green",
                            "text": "Ok"
                          },
                          "to": 7200
                        },
                        "type": "range"
                      },
                      {
                        "options": {
                          "from": 7200,
                          "result": {
                            "color": "yellow",
                            "text": "Delayed"
                          },
                          "to": 21600
                        },
                        "type": "range"
                      },
                      {
                        "options": {
                          "from": 21600,
                          "result": {
                            "color": "orange",
                            "text": "Late"
                          },
                          "to": 43200
                        },
                        "type": "range"
                      },
                      {
                        "options": {
                          "from": 43200,
                          "result": {
                            "color": "red",
                            "text": "Very late"
                          },
                          "to": "Infinity"
                        },
                        "type": "range"
                      },
                      {
                        "options": {
                          "match": "null+nan",
                          "result": {
                            "color": "transparent",
                            "text": "Unknown"
                          }
                        },
                        "type": "special"
                      }
                    ]
                  },
                  {
                    "id": "custom.width",
                    "value": 86
                  },
                  {
                    "id": "custom.align",
                    "value": "center"
                  }
                ]
              },
              {
                "matcher": {
                  "id": "byName",
                  "options": "Last run"
                },
                "properties": [
                  {
                    "id": "unit",
                    "value": "s"
                  },
                  {
                    "id": "custom.width",
                    "value": 74
                  },
                  {
                    "id": "mappings",
                    "value": [
                      {
                        "options": {
                          "from": "-Infinity",
                          "result": {
                            "text": "Never"
                          },
                          "to": 0
                        },
                        "type": "range"
                      }
                    ]
                  }
                ]
              }
            ]
          },
          "fill": 1,
          "id": 4,
          "legend": {
            "avg": false,
            "current": false,
            "max": false,
            "min": false,
            "show": true,
            "total": false,
            "values": false
          },
          "lines": true,
          "linewidth": 1,
          "links": [],
          "nullPointMode": "null as zero",
          "percentage": false,
          "pointradius": 5,
          "points": false,
          "renderer": "flot",
          "seriesOverrides": [],
          "spaceLength": 10,
          "span": 3,
          "stack": false,
          "steppedLine": false,
          "targets": [
            {
              "expr": "max by(instance)\n(\n  (time() * (max_over_time(cortex_compactor_last_successful_run_timestamp_seconds{target=~\"(.*,)?(compactor|all)(,.*)?\"}[1h]) !=bool 0))\n  -\n  max_over_time(cortex_compactor_last_successful_run_timestamp_seconds{target=~\"(.*,)?(compactor|all)(,.*)?\"}[1h])\n)\n",
              "format": "table",
              "instant": true,
              "intervalFactor": 2,
              "legendFormat": "Last run",
              "legendLink": null,
              "step": 10
            }
          ],
          "thresholds": [],
          "timeFrom": null,
          "timeShift": null,
          "title": "Last successful run per-compactor replica",
          "tooltip": {
            "shared": false,
            "sort": 0,
            "value_type": "individual"
          },
          "transformations": [
            {
              "id": "organize",
              "options": {
                "renameByName": {
                  "Value": "Last run",
                  "instance": "Compactor"
                }
              }
            },
            {
              "id": "sortBy",
              "options": {
                "sort": [
                  {
                    "desc": true,
                    "field": "Last run"
                  }
                ]
              }
            },
            {
              "id": "calculateField",
              "options": {
                "alias": "One",
                "binary": {
                  "left": "Last run",
                  "operator": "/",
                  "right": "Last run"
                },
                "mode": "binary",
                "replaceFields": false
              }
            },
            {
              "id": "calculateField",
              "options": {
                "alias": "Status",
                "binary": {
                  "left": "Last run",
                  "operator": "*",
                  "right": "One"
                },
                "mode": "binary",
                "replaceFields": false
              }
            },
            {
              "id": "filterFieldsByName",
              "options": {
                "include": {
                  "names": ["Compactor", "Last run", "Status"]
                }
              }
            }
          ],
          "type": "table",
          "xaxis": {
            "buckets": null,
            "mode": "time",
            "name": null,
            "show": true,
            "values": []
          },
          "yaxes": [
            {
              "format": "short",
              "label": null,
              "logBase": 1,
              "max": null,
              "min": 0,
              "show": true
            },
            {
              "format": "short",
              "label": null,
              "logBase": 1,
              "max": null,
              "min": null,
              "show": false
            }
          ]
        }
      ],
      "repeat": null,
      "repeatIteration": null,
      "repeatRowId": null,
      "showTitle": true,
      "title": "Summary",
      "titleSize": "h6"
    },
    {
      "collapse": false,
      "height": "250px",
      "panels": [
        {
          "aliasColors": {},
          "bars": false,
          "dashLength": 10,
          "dashes": false,
          "datasource": "GEM system monitoring",
          "description": "### TSDB compactions / sec\nRate of TSDB compactions. Single TSDB compaction takes one or more input blocks and produces one or more (during \"split\" phase) output blocks.\n\n",
          "fill": 1,
          "id": 5,
          "legend": {
            "avg": false,
            "current": false,
            "max": false,
            "min": false,
            "show": true,
            "total": false,
            "values": false
          },
          "lines": true,
          "linewidth": 1,
          "links": [],
          "nullPointMode": "null as zero",
          "percentage": false,
          "pointradius": 5,
          "points": false,
          "renderer": "flot",
          "seriesOverrides": [],
          "spaceLength": 10,
          "span": 6,
          "stack": false,
          "steppedLine": false,
          "targets": [
            {
              "expr": "sum(rate(prometheus_tsdb_compactions_total{target=~\"(.*,)?(compactor|all)(,.*)?\"}[$__rate_interval]))",
              "format": "time_series",
              "intervalFactor": 2,
              "legendFormat": "compactions",
              "legendLink": null,
              "step": 10
            }
          ],
          "thresholds": [],
          "timeFrom": null,
          "timeShift": null,
          "title": "TSDB compactions / sec",
          "tooltip": {
            "shared": false,
            "sort": 0,
            "value_type": "individual"
          },
          "type": "timeseries",
          "xaxis": {
            "buckets": null,
            "mode": "time",
            "name": null,
            "show": true,
            "values": []
          },
          "yaxes": [
            {
              "format": "ops",
              "label": null,
              "logBase": 1,
              "max": null,
              "min": 0,
              "show": true
            },
            {
              "format": "short",
              "label": null,
              "logBase": 1,
              "max": null,
              "min": null,
              "show": false
            }
          ]
        },
        {
          "aliasColors": {},
          "bars": false,
          "dashLength": 10,
          "dashes": false,
          "datasource": "GEM system monitoring",
          "description": "### TSDB compaction duration\nDisplay the amount of time that it has taken to run a single TSDB compaction.\n\n",
          "fill": 1,
          "id": 6,
          "legend": {
            "avg": false,
            "current": false,
            "max": false,
            "min": false,
            "show": true,
            "total": false,
            "values": false
          },
          "lines": true,
          "linewidth": 1,
          "links": [],
          "nullPointMode": "null as zero",
          "percentage": false,
          "pointradius": 5,
          "points": false,
          "renderer": "flot",
          "seriesOverrides": [],
          "spaceLength": 10,
          "span": 6,
          "stack": false,
          "steppedLine": false,
          "targets": [
            {
              "expr": "histogram_quantile(0.99, sum(rate(prometheus_tsdb_compaction_duration_seconds_bucket{target=~\"(.*,)?(compactor|all)(,.*)?\"}[$__rate_interval])) by (le)) * 1e3",
              "format": "time_series",
              "intervalFactor": 2,
              "legendFormat": "99th Percentile",
              "refId": "A",
              "step": 10
            },
            {
              "expr": "histogram_quantile(0.50, sum(rate(prometheus_tsdb_compaction_duration_seconds_bucket{target=~\"(.*,)?(compactor|all)(,.*)?\"}[$__rate_interval])) by (le)) * 1e3",
              "format": "time_series",
              "intervalFactor": 2,
              "legendFormat": "50th Percentile",
              "refId": "B",
              "step": 10
            },
            {
              "expr": "sum(rate(prometheus_tsdb_compaction_duration_seconds_sum{target=~\"(.*,)?(compactor|all)(,.*)?\"}[$__rate_interval])) * 1e3 / sum(rate(prometheus_tsdb_compaction_duration_seconds_count{target=~\"(.*,)?(compactor|all)(,.*)?\"}[$__rate_interval]))",
              "format": "time_series",
              "intervalFactor": 2,
              "legendFormat": "Average",
              "refId": "C",
              "step": 10
            }
          ],
          "thresholds": [],
          "timeFrom": null,
          "timeShift": null,
          "title": "TSDB compaction duration",
          "tooltip": {
            "shared": false,
            "sort": 0,
            "value_type": "individual"
          },
          "type": "timeseries",
          "xaxis": {
            "buckets": null,
            "mode": "time",
            "name": null,
            "show": true,
            "values": []
          },
          "yaxes": [
            {
              "format": "ms",
              "label": null,
              "logBase": 1,
              "max": null,
              "min": 0,
              "show": true
            },
            {
              "format": "short",
              "label": null,
              "logBase": 1,
              "max": null,
              "min": null,
              "show": false
            }
          ]
        }
      ],
      "repeat": null,
      "repeatIteration": null,
      "repeatRowId": null,
      "showTitle": true,
      "title": "",
      "titleSize": "h6"
    },
    {
      "collapse": false,
      "height": "250px",
      "panels": [
        {
          "aliasColors": {},
          "bars": false,
          "dashLength": 10,
          "dashes": false,
          "datasource": "GEM system monitoring",
          "fill": 1,
          "id": 7,
          "legend": {
            "avg": false,
            "current": false,
            "max": false,
            "min": false,
            "show": true,
            "total": false,
            "values": false
          },
          "lines": true,
          "linewidth": 1,
          "links": [],
          "nullPointMode": "null as zero",
          "percentage": false,
          "pointradius": 5,
          "points": false,
          "renderer": "flot",
          "seriesOverrides": [],
          "spaceLength": 10,
          "span": 6,
          "stack": false,
          "steppedLine": false,
          "targets": [
            {
              "expr": "avg(max by(user) (cortex_bucket_blocks_count{target=~\"(.*,)?(compactor|all)(,.*)?\"}))",
              "format": "time_series",
              "intervalFactor": 2,
              "legendFormat": "avg",
              "legendLink": null,
              "step": 10
            }
          ],
          "thresholds": [],
          "timeFrom": null,
          "timeShift": null,
          "title": "Average blocks / tenant",
          "tooltip": {
            "shared": false,
            "sort": 0,
            "value_type": "individual"
          },
          "type": "timeseries",
          "xaxis": {
            "buckets": null,
            "mode": "time",
            "name": null,
            "show": true,
            "values": []
          },
          "yaxes": [
            {
              "format": "short",
              "label": null,
              "logBase": 1,
              "max": null,
              "min": 0,
              "show": true
            },
            {
              "format": "short",
              "label": null,
              "logBase": 1,
              "max": null,
              "min": null,
              "show": false
            }
          ]
        },
        {
          "aliasColors": {},
          "bars": false,
          "dashLength": 10,
          "dashes": false,
          "datasource": "GEM system monitoring",
          "description": "### Tenants with largest number of blocks\nThe 10 tenants with the largest number of blocks.\n\n",
          "fill": 1,
          "id": 8,
          "legend": {
            "avg": false,
            "current": false,
            "max": false,
            "min": false,
            "show": true,
            "total": false,
            "values": false
          },
          "lines": true,
          "linewidth": 1,
          "links": [],
          "nullPointMode": "null as zero",
          "percentage": false,
          "pointradius": 5,
          "points": false,
          "renderer": "flot",
          "seriesOverrides": [],
          "spaceLength": 10,
          "span": 6,
          "stack": false,
          "steppedLine": false,
          "targets": [
            {
              "expr": "topk(10, max by(user) (cortex_bucket_blocks_count{target=~\"(.*,)?(compactor|all)(,.*)?\"}))",
              "format": "time_series",
              "intervalFactor": 2,
              "legendFormat": "{{user}}",
              "legendLink": null,
              "step": 10
            }
          ],
          "thresholds": [],
          "timeFrom": null,
          "timeShift": null,
          "title": "Tenants with largest number of blocks",
          "tooltip": {
            "shared": false,
            "sort": 0,
            "value_type": "individual"
          },
          "type": "timeseries",
          "xaxis": {
            "buckets": null,
            "mode": "time",
            "name": null,
            "show": true,
            "values": []
          },
          "yaxes": [
            {
              "format": "short",
              "label": null,
              "logBase": 1,
              "max": null,
              "min": 0,
              "show": true
            },
            {
              "format": "short",
              "label": null,
              "logBase": 1,
              "max": null,
              "min": null,
              "show": false
            }
          ]
        }
      ],
      "repeat": null,
      "repeatIteration": null,
      "repeatRowId": null,
      "showTitle": true,
      "title": "",
      "titleSize": "h6"
    },
    {
      "collapse": false,
      "height": "250px",
      "panels": [
        {
          "aliasColors": {},
          "bars": false,
          "dashLength": 10,
          "dashes": false,
          "datasource": "GEM system monitoring",
          "fill": 1,
          "id": 9,
          "legend": {
            "avg": false,
            "current": false,
            "max": false,
            "min": false,
            "show": true,
            "total": false,
            "values": false
          },
          "lines": true,
          "linewidth": 1,
          "links": [],
          "nullPointMode": "null as zero",
          "percentage": false,
          "pointradius": 5,
          "points": false,
          "renderer": "flot",
          "seriesOverrides": [],
          "spaceLength": 10,
          "span": 6,
          "stack": false,
          "steppedLine": false,
          "targets": [
            {
              "expr": "sum(rate(cortex_compactor_blocks_marked_for_deletion_total{target=~\"(.*,)?(compactor|all)(,.*)?\"}[$__rate_interval]))\n",
              "format": "time_series",
              "intervalFactor": 2,
              "legendFormat": "blocks",
              "legendLink": null,
              "step": 10
            }
          ],
          "thresholds": [],
          "timeFrom": null,
          "timeShift": null,
          "title": "Blocks marked for deletion / sec",
          "tooltip": {
            "shared": false,
            "sort": 0,
            "value_type": "individual"
          },
          "type": "timeseries",
          "xaxis": {
            "buckets": null,
            "mode": "time",
            "name": null,
            "show": true,
            "values": []
          },
          "yaxes": [
            {
              "format": "ops",
              "label": null,
              "logBase": 1,
              "max": null,
              "min": 0,
              "show": true
            },
            {
              "format": "short",
              "label": null,
              "logBase": 1,
              "max": null,
              "min": null,
              "show": false
            }
          ]
        },
        {
          "aliasColors": {
            "failed": "#E24D42",
            "successful": "#7EB26D"
          },
          "bars": false,
          "dashLength": 10,
          "dashes": false,
          "datasource": "GEM system monitoring",
          "fill": 10,
          "id": 10,
          "legend": {
            "avg": false,
            "current": false,
            "max": false,
            "min": false,
            "show": true,
            "total": false,
            "values": false
          },
          "lines": true,
          "linewidth": 0,
          "links": [],
          "nullPointMode": "null as zero",
          "percentage": false,
          "pointradius": 5,
          "points": false,
          "renderer": "flot",
          "seriesOverrides": [],
          "spaceLength": 10,
          "span": 6,
          "stack": true,
          "steppedLine": false,
          "targets": [
            {
              "expr": "sum(rate(cortex_compactor_blocks_cleaned_total{target=~\"(.*,)?(compactor|all)(,.*)?\"}[$__rate_interval]))\n",
              "format": "time_series",
              "intervalFactor": 2,
              "legendFormat": "successful",
              "legendLink": null,
              "step": 10
            },
            {
              "expr": "sum(rate(cortex_compactor_block_cleanup_failures_total{target=~\"(.*,)?(compactor|all)(,.*)?\"}[$__rate_interval]))\n",
              "format": "time_series",
              "intervalFactor": 2,
              "legendFormat": "failed",
              "legendLink": null,
              "step": 10
            }
          ],
          "thresholds": [],
          "timeFrom": null,
          "timeShift": null,
          "title": "Blocks deletions / sec",
          "tooltip": {
            "shared": false,
            "sort": 0,
            "value_type": "individual"
          },
          "type": "timeseries",
          "xaxis": {
            "buckets": null,
            "mode": "time",
            "name": null,
            "show": true,
            "values": []
          },
          "yaxes": [
            {
              "format": "ops",
              "label": null,
              "logBase": 1,
              "max": null,
              "min": 0,
              "show": true
            },
            {
              "format": "short",
              "label": null,
              "logBase": 1,
              "max": null,
              "min": null,
              "show": false
            }
          ]
        }
      ],
      "repeat": null,
      "repeatIteration": null,
      "repeatRowId": null,
      "showTitle": true,
      "title": "Garbage collector",
      "titleSize": "h6"
    },
    {
      "collapse": false,
      "height": "250px",
      "panels": [
        {
          "aliasColors": {
            "failed": "#E24D42",
            "successful": "#7EB26D"
          },
          "bars": false,
          "dashLength": 10,
          "dashes": false,
          "datasource": "GEM system monitoring",
          "fill": 10,
          "id": 11,
          "legend": {
            "avg": false,
            "current": false,
            "max": false,
            "min": false,
            "show": true,
            "total": false,
            "values": false
          },
          "lines": true,
          "linewidth": 0,
          "links": [],
          "nullPointMode": "null as zero",
          "percentage": false,
          "pointradius": 5,
          "points": false,
          "renderer": "flot",
          "seriesOverrides": [],
          "spaceLength": 10,
          "span": 6,
          "stack": true,
          "steppedLine": false,
          "targets": [
            {
              "expr": "sum(rate(cortex_compactor_meta_syncs_total{target=~\"(.*,)?(compactor|all)(,.*)?\"}[$__rate_interval]))\n-\nsum(rate(cortex_compactor_meta_sync_failures_total{target=~\"(.*,)?(compactor|all)(,.*)?\"}[$__rate_interval]))\n",
              "format": "time_series",
              "intervalFactor": 2,
              "legendFormat": "successful",
              "legendLink": null,
              "step": 10
            },
            {
              "expr": "sum(rate(cortex_compactor_meta_sync_failures_total{target=~\"(.*,)?(compactor|all)(,.*)?\"}[$__rate_interval]))\n",
              "format": "time_series",
              "intervalFactor": 2,
              "legendFormat": "failed",
              "legendLink": null,
              "step": 10
            }
          ],
          "thresholds": [],
          "timeFrom": null,
          "timeShift": null,
          "title": "Metadata syncs / sec",
          "tooltip": {
            "shared": false,
            "sort": 0,
            "value_type": "individual"
          },
          "type": "timeseries",
          "xaxis": {
            "buckets": null,
            "mode": "time",
            "name": null,
            "show": true,
            "values": []
          },
          "yaxes": [
            {
              "format": "ops",
              "label": null,
              "logBase": 1,
              "max": null,
              "min": 0,
              "show": true
            },
            {
              "format": "short",
              "label": null,
              "logBase": 1,
              "max": null,
              "min": null,
              "show": false
            }
          ]
        },
        {
          "aliasColors": {},
          "bars": false,
          "dashLength": 10,
          "dashes": false,
          "datasource": "GEM system monitoring",
          "fill": 1,
          "id": 12,
          "legend": {
            "avg": false,
            "current": false,
            "max": false,
            "min": false,
            "show": true,
            "total": false,
            "values": false
          },
          "lines": true,
          "linewidth": 1,
          "links": [],
          "nullPointMode": "null as zero",
          "percentage": false,
          "pointradius": 5,
          "points": false,
          "renderer": "flot",
          "seriesOverrides": [],
          "spaceLength": 10,
          "span": 6,
          "stack": false,
          "steppedLine": false,
          "targets": [
            {
              "expr": "histogram_quantile(0.99, sum(rate(cortex_compactor_meta_sync_duration_seconds_bucket{target=~\"(.*,)?(compactor|all)(,.*)?\"}[$__rate_interval])) by (le)) * 1e3",
              "format": "time_series",
              "intervalFactor": 2,
              "legendFormat": "99th Percentile",
              "refId": "A",
              "step": 10
            },
            {
              "expr": "histogram_quantile(0.50, sum(rate(cortex_compactor_meta_sync_duration_seconds_bucket{target=~\"(.*,)?(compactor|all)(,.*)?\"}[$__rate_interval])) by (le)) * 1e3",
              "format": "time_series",
              "intervalFactor": 2,
              "legendFormat": "50th Percentile",
              "refId": "B",
              "step": 10
            },
            {
              "expr": "sum(rate(cortex_compactor_meta_sync_duration_seconds_sum{target=~\"(.*,)?(compactor|all)(,.*)?\"}[$__rate_interval])) * 1e3 / sum(rate(cortex_compactor_meta_sync_duration_seconds_count{target=~\"(.*,)?(compactor|all)(,.*)?\"}[$__rate_interval]))",
              "format": "time_series",
              "intervalFactor": 2,
              "legendFormat": "Average",
              "refId": "C",
              "step": 10
            }
          ],
          "thresholds": [],
          "timeFrom": null,
          "timeShift": null,
          "title": "Metadata sync duration",
          "tooltip": {
            "shared": false,
            "sort": 0,
            "value_type": "individual"
          },
          "type": "timeseries",
          "xaxis": {
            "buckets": null,
            "mode": "time",
            "name": null,
            "show": true,
            "values": []
          },
          "yaxes": [
            {
              "format": "ms",
              "label": null,
              "logBase": 1,
              "max": null,
              "min": 0,
              "show": true
            },
            {
              "format": "short",
              "label": null,
              "logBase": 1,
              "max": null,
              "min": null,
              "show": false
            }
          ]
        }
      ],
      "repeat": null,
      "repeatIteration": null,
      "repeatRowId": null,
      "showTitle": true,
      "title": "Metadata sync",
      "titleSize": "h6"
    },
    {
      "collapse": false,
      "height": "250px",
      "panels": [
        {
          "aliasColors": {},
          "bars": false,
          "dashLength": 10,
          "dashes": false,
          "datasource": "GEM system monitoring",
          "fill": 10,
          "id": 13,
          "legend": {
            "avg": false,
            "current": false,
            "max": false,
            "min": false,
            "show": true,
            "total": false,
            "values": false
          },
          "lines": true,
          "linewidth": 0,
          "links": [],
          "nullPointMode": "null as zero",
          "percentage": false,
          "pointradius": 5,
          "points": false,
          "renderer": "flot",
          "seriesOverrides": [],
          "spaceLength": 10,
          "span": 4,
          "stack": true,
          "steppedLine": false,
          "targets": [
            {
              "expr": "sum by(operation) (rate(thanos_objstore_bucket_operations_total{_=\"\",component=\"compactor\"}[$__rate_interval]))",
              "format": "time_series",
              "intervalFactor": 2,
              "legendFormat": "{{operation}}",
              "legendLink": null,
              "step": 10
            }
          ],
          "thresholds": [],
          "timeFrom": null,
          "timeShift": null,
          "title": "Operations / sec",
          "tooltip": {
            "shared": false,
            "sort": 0,
            "value_type": "individual"
          },
          "type": "timeseries",
          "xaxis": {
            "buckets": null,
            "mode": "time",
            "name": null,
            "show": true,
            "values": []
          },
          "yaxes": [
            {
              "format": "reqps",
              "label": null,
              "logBase": 1,
              "max": null,
              "min": 0,
              "show": true
            },
            {
              "format": "short",
              "label": null,
              "logBase": 1,
              "max": null,
              "min": null,
              "show": false
            }
          ]
        },
        {
          "aliasColors": {},
          "bars": false,
          "dashLength": 10,
          "dashes": false,
          "datasource": "GEM system monitoring",
          "fill": 1,
          "id": 14,
          "legend": {
            "avg": false,
            "current": false,
            "max": false,
            "min": false,
            "show": true,
            "total": false,
            "values": false
          },
          "lines": true,
          "linewidth": 1,
          "links": [],
          "nullPointMode": "null as zero",
          "percentage": false,
          "pointradius": 5,
          "points": false,
          "renderer": "flot",
          "seriesOverrides": [],
          "spaceLength": 10,
          "span": 4,
          "stack": false,
          "steppedLine": false,
          "targets": [
            {
              "expr": "sum by(operation) (rate(thanos_objstore_bucket_operation_failures_total{_=\"\",component=\"compactor\"}[$__rate_interval])) / sum by(operation) (rate(thanos_objstore_bucket_operations_total{_=\"\",component=\"compactor\"}[$__rate_interval]))",
              "format": "time_series",
              "intervalFactor": 2,
              "legendFormat": "{{operation}}",
              "legendLink": null,
              "step": 10
            }
          ],
          "thresholds": [],
          "timeFrom": null,
          "timeShift": null,
          "title": "Error rate",
          "tooltip": {
            "shared": false,
            "sort": 0,
            "value_type": "individual"
          },
          "type": "timeseries",
          "xaxis": {
            "buckets": null,
            "mode": "time",
            "name": null,
            "show": true,
            "values": []
          },
          "yaxes": [
            {
              "format": "percentunit",
              "label": null,
              "logBase": 1,
              "max": null,
              "min": 0,
              "show": true
            },
            {
              "format": "short",
              "label": null,
              "logBase": 1,
              "max": null,
              "min": null,
              "show": false
            }
          ]
        },
        {
          "aliasColors": {},
          "bars": false,
          "dashLength": 10,
          "dashes": false,
          "datasource": "GEM system monitoring",
          "fill": 1,
          "id": 15,
          "legend": {
            "avg": false,
            "current": false,
            "max": false,
            "min": false,
            "show": true,
            "total": false,
            "values": false
          },
          "lines": true,
          "linewidth": 1,
          "links": [],
          "nullPointMode": "null as zero",
          "percentage": false,
          "pointradius": 5,
          "points": false,
          "renderer": "flot",
          "seriesOverrides": [],
          "spaceLength": 10,
          "span": 4,
          "stack": false,
          "steppedLine": false,
          "targets": [
            {
              "expr": "sum(cortex_bucket_stores_gate_queries_in_flight{_=\"\", component=\"compactor\"})",
              "format": "time_series",
              "intervalFactor": 2,
              "legendFormat": "Total",
              "legendLink": null,
              "step": 10
            }
          ],
          "thresholds": [],
          "timeFrom": null,
          "timeShift": null,
          "title": "Inflight requests",
          "tooltip": {
            "shared": false,
            "sort": 0,
            "value_type": "individual"
          },
          "type": "timeseries",
          "xaxis": {
            "buckets": null,
            "mode": "time",
            "name": null,
            "show": true,
            "values": []
          },
          "yaxes": [
            {
              "format": "short",
              "label": null,
              "logBase": 1,
              "max": null,
              "min": 0,
              "show": true
            },
            {
              "format": "short",
              "label": null,
              "logBase": 1,
              "max": null,
              "min": null,
              "show": false
            }
          ]
        }
      ],
      "repeat": null,
      "repeatIteration": null,
      "repeatRowId": null,
      "showTitle": true,
      "title": "Object Store",
      "titleSize": "h6"
    },
    {
      "collapse": false,
      "height": "250px",
      "panels": [
        {
          "aliasColors": {},
          "bars": false,
          "dashLength": 10,
          "dashes": false,
          "datasource": "GEM system monitoring",
          "fill": 1,
          "id": 16,
          "legend": {
            "avg": false,
            "current": false,
            "max": false,
            "min": false,
            "show": true,
            "total": false,
            "values": false
          },
          "lines": true,
          "linewidth": 1,
          "links": [],
          "nullPointMode": "null as zero",
          "percentage": false,
          "pointradius": 5,
          "points": false,
          "renderer": "flot",
          "seriesOverrides": [],
          "spaceLength": 10,
          "span": 4,
          "stack": false,
          "steppedLine": false,
          "targets": [
            {
              "expr": "histogram_quantile(0.99, sum(rate(thanos_objstore_bucket_operation_duration_seconds_bucket{_=\"\",component=\"compactor\",operation=\"attributes\"}[$__rate_interval])) by (le)) * 1e3",
              "format": "time_series",
              "intervalFactor": 2,
              "legendFormat": "99th Percentile",
              "refId": "A",
              "step": 10
            },
            {
              "expr": "histogram_quantile(0.50, sum(rate(thanos_objstore_bucket_operation_duration_seconds_bucket{_=\"\",component=\"compactor\",operation=\"attributes\"}[$__rate_interval])) by (le)) * 1e3",
              "format": "time_series",
              "intervalFactor": 2,
              "legendFormat": "50th Percentile",
              "refId": "B",
              "step": 10
            },
            {
              "expr": "sum(rate(thanos_objstore_bucket_operation_duration_seconds_sum{_=\"\",component=\"compactor\",operation=\"attributes\"}[$__rate_interval])) * 1e3 / sum(rate(thanos_objstore_bucket_operation_duration_seconds_count{_=\"\",component=\"compactor\",operation=\"attributes\"}[$__rate_interval]))",
              "format": "time_series",
              "intervalFactor": 2,
              "legendFormat": "Average",
              "refId": "C",
              "step": 10
            }
          ],
          "thresholds": [],
          "timeFrom": null,
          "timeShift": null,
          "title": "Latency of op: Attributes",
          "tooltip": {
            "shared": false,
            "sort": 0,
            "value_type": "individual"
          },
          "type": "timeseries",
          "xaxis": {
            "buckets": null,
            "mode": "time",
            "name": null,
            "show": true,
            "values": []
          },
          "yaxes": [
            {
              "format": "ms",
              "label": null,
              "logBase": 1,
              "max": null,
              "min": 0,
              "show": true
            },
            {
              "format": "short",
              "label": null,
              "logBase": 1,
              "max": null,
              "min": null,
              "show": false
            }
          ]
        },
        {
          "aliasColors": {},
          "bars": false,
          "dashLength": 10,
          "dashes": false,
          "datasource": "GEM system monitoring",
          "fill": 1,
          "id": 17,
          "legend": {
            "avg": false,
            "current": false,
            "max": false,
            "min": false,
            "show": true,
            "total": false,
            "values": false
          },
          "lines": true,
          "linewidth": 1,
          "links": [],
          "nullPointMode": "null as zero",
          "percentage": false,
          "pointradius": 5,
          "points": false,
          "renderer": "flot",
          "seriesOverrides": [],
          "spaceLength": 10,
          "span": 4,
          "stack": false,
          "steppedLine": false,
          "targets": [
            {
              "expr": "histogram_quantile(0.99, sum(rate(thanos_objstore_bucket_operation_duration_seconds_bucket{_=\"\",component=\"compactor\",operation=\"exists\"}[$__rate_interval])) by (le)) * 1e3",
              "format": "time_series",
              "intervalFactor": 2,
              "legendFormat": "99th Percentile",
              "refId": "A",
              "step": 10
            },
            {
              "expr": "histogram_quantile(0.50, sum(rate(thanos_objstore_bucket_operation_duration_seconds_bucket{_=\"\",component=\"compactor\",operation=\"exists\"}[$__rate_interval])) by (le)) * 1e3",
              "format": "time_series",
              "intervalFactor": 2,
              "legendFormat": "50th Percentile",
              "refId": "B",
              "step": 10
            },
            {
              "expr": "sum(rate(thanos_objstore_bucket_operation_duration_seconds_sum{_=\"\",component=\"compactor\",operation=\"exists\"}[$__rate_interval])) * 1e3 / sum(rate(thanos_objstore_bucket_operation_duration_seconds_count{_=\"\",component=\"compactor\",operation=\"exists\"}[$__rate_interval]))",
              "format": "time_series",
              "intervalFactor": 2,
              "legendFormat": "Average",
              "refId": "C",
              "step": 10
            }
          ],
          "thresholds": [],
          "timeFrom": null,
          "timeShift": null,
          "title": "Latency of op: Exists",
          "tooltip": {
            "shared": false,
            "sort": 0,
            "value_type": "individual"
          },
          "type": "timeseries",
          "xaxis": {
            "buckets": null,
            "mode": "time",
            "name": null,
            "show": true,
            "values": []
          },
          "yaxes": [
            {
              "format": "ms",
              "label": null,
              "logBase": 1,
              "max": null,
              "min": 0,
              "show": true
            },
            {
              "format": "short",
              "label": null,
              "logBase": 1,
              "max": null,
              "min": null,
              "show": false
            }
          ]
        },
        {
          "aliasColors": {},
          "bars": false,
          "dashLength": 10,
          "dashes": false,
          "datasource": "GEM system monitoring",
          "fill": 1,
          "id": 18,
          "legend": {
            "avg": false,
            "current": false,
            "max": false,
            "min": false,
            "show": true,
            "total": false,
            "values": false
          },
          "lines": true,
          "linewidth": 1,
          "links": [],
          "nullPointMode": "null as zero",
          "percentage": false,
          "pointradius": 5,
          "points": false,
          "renderer": "flot",
          "seriesOverrides": [],
          "spaceLength": 10,
          "span": 4,
          "stack": false,
          "steppedLine": false,
          "targets": [
            {
              "expr": "histogram_quantile(0.99, sum(rate(thanos_objstore_bucket_operation_duration_seconds_bucket{_=\"\",component=\"compactor\",operation=\"get\"}[$__rate_interval])) by (le)) * 1e3",
              "format": "time_series",
              "intervalFactor": 2,
              "legendFormat": "99th Percentile",
              "refId": "A",
              "step": 10
            },
            {
              "expr": "histogram_quantile(0.50, sum(rate(thanos_objstore_bucket_operation_duration_seconds_bucket{_=\"\",component=\"compactor\",operation=\"get\"}[$__rate_interval])) by (le)) * 1e3",
              "format": "time_series",
              "intervalFactor": 2,
              "legendFormat": "50th Percentile",
              "refId": "B",
              "step": 10
            },
            {
              "expr": "sum(rate(thanos_objstore_bucket_operation_duration_seconds_sum{_=\"\",component=\"compactor\",operation=\"get\"}[$__rate_interval])) * 1e3 / sum(rate(thanos_objstore_bucket_operation_duration_seconds_count{_=\"\",component=\"compactor\",operation=\"get\"}[$__rate_interval]))",
              "format": "time_series",
              "intervalFactor": 2,
              "legendFormat": "Average",
              "refId": "C",
              "step": 10
            }
          ],
          "thresholds": [],
          "timeFrom": null,
          "timeShift": null,
          "title": "Latency of op: Get",
          "tooltip": {
            "shared": false,
            "sort": 0,
            "value_type": "individual"
          },
          "type": "timeseries",
          "xaxis": {
            "buckets": null,
            "mode": "time",
            "name": null,
            "show": true,
            "values": []
          },
          "yaxes": [
            {
              "format": "ms",
              "label": null,
              "logBase": 1,
              "max": null,
              "min": 0,
              "show": true
            },
            {
              "format": "short",
              "label": null,
              "logBase": 1,
              "max": null,
              "min": null,
              "show": false
            }
          ]
        }
      ],
      "repeat": null,
      "repeatIteration": null,
      "repeatRowId": null,
      "showTitle": true,
      "title": "",
      "titleSize": "h6"
    },
    {
      "collapse": false,
      "height": "250px",
      "panels": [
        {
          "aliasColors": {},
          "bars": false,
          "dashLength": 10,
          "dashes": false,
          "datasource": "GEM system monitoring",
          "fill": 1,
          "id": 19,
          "legend": {
            "avg": false,
            "current": false,
            "max": false,
            "min": false,
            "show": true,
            "total": false,
            "values": false
          },
          "lines": true,
          "linewidth": 1,
          "links": [],
          "nullPointMode": "null as zero",
          "percentage": false,
          "pointradius": 5,
          "points": false,
          "renderer": "flot",
          "seriesOverrides": [],
          "spaceLength": 10,
          "span": 4,
          "stack": false,
          "steppedLine": false,
          "targets": [
            {
              "expr": "histogram_quantile(0.99, sum(rate(thanos_objstore_bucket_operation_duration_seconds_bucket{_=\"\",component=\"compactor\",operation=\"get_range\"}[$__rate_interval])) by (le)) * 1e3",
              "format": "time_series",
              "intervalFactor": 2,
              "legendFormat": "99th Percentile",
              "refId": "A",
              "step": 10
            },
            {
              "expr": "histogram_quantile(0.50, sum(rate(thanos_objstore_bucket_operation_duration_seconds_bucket{_=\"\",component=\"compactor\",operation=\"get_range\"}[$__rate_interval])) by (le)) * 1e3",
              "format": "time_series",
              "intervalFactor": 2,
              "legendFormat": "50th Percentile",
              "refId": "B",
              "step": 10
            },
            {
              "expr": "sum(rate(thanos_objstore_bucket_operation_duration_seconds_sum{_=\"\",component=\"compactor\",operation=\"get_range\"}[$__rate_interval])) * 1e3 / sum(rate(thanos_objstore_bucket_operation_duration_seconds_count{_=\"\",component=\"compactor\",operation=\"get_range\"}[$__rate_interval]))",
              "format": "time_series",
              "intervalFactor": 2,
              "legendFormat": "Average",
              "refId": "C",
              "step": 10
            }
          ],
          "thresholds": [],
          "timeFrom": null,
          "timeShift": null,
          "title": "Latency of op: GetRange",
          "tooltip": {
            "shared": false,
            "sort": 0,
            "value_type": "individual"
          },
          "type": "timeseries",
          "xaxis": {
            "buckets": null,
            "mode": "time",
            "name": null,
            "show": true,
            "values": []
          },
          "yaxes": [
            {
              "format": "ms",
              "label": null,
              "logBase": 1,
              "max": null,
              "min": 0,
              "show": true
            },
            {
              "format": "short",
              "label": null,
              "logBase": 1,
              "max": null,
              "min": null,
              "show": false
            }
          ]
        },
        {
          "aliasColors": {},
          "bars": false,
          "dashLength": 10,
          "dashes": false,
          "datasource": "GEM system monitoring",
          "fill": 1,
          "id": 20,
          "legend": {
            "avg": false,
            "current": false,
            "max": false,
            "min": false,
            "show": true,
            "total": false,
            "values": false
          },
          "lines": true,
          "linewidth": 1,
          "links": [],
          "nullPointMode": "null as zero",
          "percentage": false,
          "pointradius": 5,
          "points": false,
          "renderer": "flot",
          "seriesOverrides": [],
          "spaceLength": 10,
          "span": 4,
          "stack": false,
          "steppedLine": false,
          "targets": [
            {
              "expr": "histogram_quantile(0.99, sum(rate(thanos_objstore_bucket_operation_duration_seconds_bucket{_=\"\",component=\"compactor\",operation=\"upload\"}[$__rate_interval])) by (le)) * 1e3",
              "format": "time_series",
              "intervalFactor": 2,
              "legendFormat": "99th Percentile",
              "refId": "A",
              "step": 10
            },
            {
              "expr": "histogram_quantile(0.50, sum(rate(thanos_objstore_bucket_operation_duration_seconds_bucket{_=\"\",component=\"compactor\",operation=\"upload\"}[$__rate_interval])) by (le)) * 1e3",
              "format": "time_series",
              "intervalFactor": 2,
              "legendFormat": "50th Percentile",
              "refId": "B",
              "step": 10
            },
            {
              "expr": "sum(rate(thanos_objstore_bucket_operation_duration_seconds_sum{_=\"\",component=\"compactor\",operation=\"upload\"}[$__rate_interval])) * 1e3 / sum(rate(thanos_objstore_bucket_operation_duration_seconds_count{_=\"\",component=\"compactor\",operation=\"upload\"}[$__rate_interval]))",
              "format": "time_series",
              "intervalFactor": 2,
              "legendFormat": "Average",
              "refId": "C",
              "step": 10
            }
          ],
          "thresholds": [],
          "timeFrom": null,
          "timeShift": null,
          "title": "Latency of op: Upload",
          "tooltip": {
            "shared": false,
            "sort": 0,
            "value_type": "individual"
          },
          "type": "timeseries",
          "xaxis": {
            "buckets": null,
            "mode": "time",
            "name": null,
            "show": true,
            "values": []
          },
          "yaxes": [
            {
              "format": "ms",
              "label": null,
              "logBase": 1,
              "max": null,
              "min": 0,
              "show": true
            },
            {
              "format": "short",
              "label": null,
              "logBase": 1,
              "max": null,
              "min": null,
              "show": false
            }
          ]
        },
        {
          "aliasColors": {},
          "bars": false,
          "dashLength": 10,
          "dashes": false,
          "datasource": "GEM system monitoring",
          "fill": 1,
          "id": 21,
          "legend": {
            "avg": false,
            "current": false,
            "max": false,
            "min": false,
            "show": true,
            "total": false,
            "values": false
          },
          "lines": true,
          "linewidth": 1,
          "links": [],
          "nullPointMode": "null as zero",
          "percentage": false,
          "pointradius": 5,
          "points": false,
          "renderer": "flot",
          "seriesOverrides": [],
          "spaceLength": 10,
          "span": 4,
          "stack": false,
          "steppedLine": false,
          "targets": [
            {
              "expr": "histogram_quantile(0.99, sum(rate(thanos_objstore_bucket_operation_duration_seconds_bucket{_=\"\",component=\"compactor\",operation=\"delete\"}[$__rate_interval])) by (le)) * 1e3",
              "format": "time_series",
              "intervalFactor": 2,
              "legendFormat": "99th Percentile",
              "refId": "A",
              "step": 10
            },
            {
              "expr": "histogram_quantile(0.50, sum(rate(thanos_objstore_bucket_operation_duration_seconds_bucket{_=\"\",component=\"compactor\",operation=\"delete\"}[$__rate_interval])) by (le)) * 1e3",
              "format": "time_series",
              "intervalFactor": 2,
              "legendFormat": "50th Percentile",
              "refId": "B",
              "step": 10
            },
            {
              "expr": "sum(rate(thanos_objstore_bucket_operation_duration_seconds_sum{_=\"\",component=\"compactor\",operation=\"delete\"}[$__rate_interval])) * 1e3 / sum(rate(thanos_objstore_bucket_operation_duration_seconds_count{_=\"\",component=\"compactor\",operation=\"delete\"}[$__rate_interval]))",
              "format": "time_series",
              "intervalFactor": 2,
              "legendFormat": "Average",
              "refId": "C",
              "step": 10
            }
          ],
          "thresholds": [],
          "timeFrom": null,
          "timeShift": null,
          "title": "Latency of op: Delete",
          "tooltip": {
            "shared": false,
            "sort": 0,
            "value_type": "individual"
          },
          "type": "timeseries",
          "xaxis": {
            "buckets": null,
            "mode": "time",
            "name": null,
            "show": true,
            "values": []
          },
          "yaxes": [
            {
              "format": "ms",
              "label": null,
              "logBase": 1,
              "max": null,
              "min": 0,
              "show": true
            },
            {
              "format": "short",
              "label": null,
              "logBase": 1,
              "max": null,
              "min": null,
              "show": false
            }
          ]
        }
      ],
      "repeat": null,
      "repeatIteration": null,
      "repeatRowId": null,
      "showTitle": true,
      "title": "",
      "titleSize": "h6"
    },
    {
      "collapse": false,
      "height": "250px",
      "panels": [
        {
          "aliasColors": {
            "1xx": "#EAB839",
            "2xx": "#7EB26D",
            "3xx": "#6ED0E0",
            "4xx": "#EF843C",
            "5xx": "#E24D42",
            "error": "#E24D42",
            "success": "#7EB26D"
          },
          "bars": false,
          "dashLength": 10,
          "dashes": false,
          "datasource": "GEM system monitoring",
          "fill": 10,
          "id": 22,
          "legend": {
            "avg": false,
            "current": false,
            "max": false,
            "min": false,
            "show": true,
            "total": false,
            "values": false
          },
          "lines": true,
          "linewidth": 0,
          "links": [],
          "nullPointMode": "null as zero",
          "percentage": false,
          "pointradius": 5,
          "points": false,
          "renderer": "flot",
          "seriesOverrides": [],
          "spaceLength": 10,
          "span": 6,
          "stack": true,
          "steppedLine": false,
          "targets": [
            {
              "expr": "sum by (status) (\n  label_replace(label_replace(rate(cortex_kv_request_duration_seconds_count{target=~\"(.*,)?(compactor|all)(,.*)?\", kv_name=~\".+\"}[$__rate_interval]),\n  \"status\", \"${1}xx\", \"status_code\", \"([0-9])..\"),\n  \"status\", \"${1}\", \"status_code\", \"([a-z]+)\"))\n",
              "format": "time_series",
              "intervalFactor": 2,
              "legendFormat": "{{status}}",
              "refId": "A",
              "step": 10
            }
          ],
          "thresholds": [],
          "timeFrom": null,
          "timeShift": null,
          "title": "Requests / sec",
          "tooltip": {
            "shared": false,
            "sort": 0,
            "value_type": "individual"
          },
          "type": "timeseries",
          "xaxis": {
            "buckets": null,
            "mode": "time",
            "name": null,
            "show": true,
            "values": []
          },
          "yaxes": [
            {
              "format": "reqps",
              "label": null,
              "logBase": 1,
              "max": null,
              "min": 0,
              "show": true
            },
            {
              "format": "short",
              "label": null,
              "logBase": 1,
              "max": null,
              "min": null,
              "show": false
            }
          ]
        },
        {
          "aliasColors": {},
          "bars": false,
          "dashLength": 10,
          "dashes": false,
          "datasource": "GEM system monitoring",
          "fill": 1,
          "id": 23,
          "legend": {
            "avg": false,
            "current": false,
            "max": false,
            "min": false,
            "show": true,
            "total": false,
            "values": false
          },
          "lines": true,
          "linewidth": 1,
          "links": [],
          "nullPointMode": "null as zero",
          "percentage": false,
          "pointradius": 5,
          "points": false,
          "renderer": "flot",
          "seriesOverrides": [],
          "spaceLength": 10,
          "span": 6,
          "stack": false,
          "steppedLine": false,
          "targets": [
            {
              "expr": "histogram_quantile(0.99, sum(rate(cortex_kv_request_duration_seconds_bucket{target=~\"(.*,)?(compactor|all)(,.*)?\", kv_name=~\".+\"}[$__rate_interval])) by (le)) * 1e3",
              "format": "time_series",
              "intervalFactor": 2,
              "legendFormat": "99th Percentile",
              "refId": "A",
              "step": 10
            },
            {
              "expr": "histogram_quantile(0.50, sum(rate(cortex_kv_request_duration_seconds_bucket{target=~\"(.*,)?(compactor|all)(,.*)?\", kv_name=~\".+\"}[$__rate_interval])) by (le)) * 1e3",
              "format": "time_series",
              "intervalFactor": 2,
              "legendFormat": "50th Percentile",
              "refId": "B",
              "step": 10
            },
            {
              "expr": "sum(rate(cortex_kv_request_duration_seconds_sum{target=~\"(.*,)?(compactor|all)(,.*)?\", kv_name=~\".+\"}[$__rate_interval])) * 1e3 / sum(rate(cortex_kv_request_duration_seconds_count{target=~\"(.*,)?(compactor|all)(,.*)?\", kv_name=~\".+\"}[$__rate_interval]))",
              "format": "time_series",
              "intervalFactor": 2,
              "legendFormat": "Average",
              "refId": "C",
              "step": 10
            }
          ],
          "thresholds": [],
          "timeFrom": null,
          "timeShift": null,
          "title": "Latency",
          "tooltip": {
            "shared": false,
            "sort": 0,
            "value_type": "individual"
          },
          "type": "timeseries",
          "xaxis": {
            "buckets": null,
            "mode": "time",
            "name": null,
            "show": true,
            "values": []
          },
          "yaxes": [
            {
              "format": "ms",
              "label": null,
              "logBase": 1,
              "max": null,
              "min": 0,
              "show": true
            },
            {
              "format": "short",
              "label": null,
              "logBase": 1,
              "max": null,
              "min": null,
              "show": false
            }
          ]
        }
      ],
      "repeat": null,
      "repeatIteration": null,
      "repeatRowId": null,
      "showTitle": true,
      "title": "Key-value store for compactors ring",
      "titleSize": "h6"
    }
  ],
  "schemaVersion": 14,
  "style": "dark",
  "tags": ["GEM", "self-monitoring"],
  "templating": {
    "list": []
  },
  "time": {
    "from": "now-1h",
    "to": "now"
  },
  "timepicker": {
    "refresh_intervals": ["5s", "10s", "30s", "1m", "5m", "15m", "30m", "1h", "2h", "1d"],
    "time_options": ["5m", "15m", "1h", "6h", "12h", "24h", "2d", "7d", "30d"]
  },
  "timezone": "utc",
  "title": "Compactor",
  "uid": "gem---compactor",
  "version": 0
}
