{
  "annotations": {
    "list": []
  },
  "editable": false,
  "graphTooltip": 0,
  "links": [
    {
      "asDropdown": true,
      "icon": "external link",
      "includeVars": true,
      "keepTime": true,
      "tags": ["GEM", "self-monitoring"],
      "targetBlank": false,
      "title": "GEM system monitoring",
      "type": "dashboards"
    }
  ],
  "panels": [
    {
      "collapsed": false,
      "gridPos": {
        "h": 1,
        "w": 24,
        "x": 0,
        "y": 0
      },
      "id": 13,
      "panels": [],
      "title": "Top tenants dashboard description",
      "type": "row"
    },
    {
      "description": "",
      "gridPos": {
        "h": 3,
        "w": 24,
        "x": 0,
        "y": 1
      },
      "id": 1,
      "options": {
        "code": {
          "language": "plaintext",
          "showLineNumbers": false,
          "showMiniMap": false
        },
        "content": "<p>\n  This dashboard shows the top tenants based on multiple selection criterias.\n  Rows are collapsed by default to avoid querying all of them.\n  Use the templating variable \"limit\" above to select the amount of users to be shown.\n</p>\n",
        "mode": "markdown"
      },
      "pluginVersion": "10.4.1",
      "transparent": true,
      "type": "text"
    },
    {
      "collapsed": true,
      "gridPos": {
        "h": 1,
        "w": 24,
        "x": 0,
        "y": 4
      },
      "id": 14,
      "panels": [
        {
          "datasource": "GEM system monitoring",
          "fieldConfig": {
            "defaults": {
              "color": {
                "mode": "thresholds"
              },
              "custom": {
                "align": "auto",
                "cellOptions": {
                  "type": "auto"
                },
                "inspect": false
              },
              "decimals": 2,
              "displayName": "",
              "mappings": [],
              "thresholds": {
                "mode": "absolute",
                "steps": [
                  {
                    "color": "green",
                    "value": null
                  },
                  {
                    "color": "red",
                    "value": 80
                  }
                ]
              },
              "unit": "short"
            },
            "overrides": [
              {
                "matcher": {
                  "id": "byName",
                  "options": "Time"
                },
                "properties": [
                  {
                    "id": "displayName",
                    "value": "Time"
                  },
                  {
                    "id": "custom.align"
                  }
                ]
              },
              {
                "matcher": {
                  "id": "byName",
                  "options": "Value #A"
                },
                "properties": [
                  {
                    "id": "displayName",
                    "value": "series"
                  },
                  {
                    "id": "unit",
                    "value": "short"
                  },
                  {
                    "id": "decimals",
                    "value": 2
                  },
                  {
                    "id": "custom.align"
                  }
                ]
              }
            ]
          },
          "gridPos": {
            "h": 7,
            "w": 24,
            "x": 0,
            "y": 5
          },
          "id": 2,
          "options": {
            "cellHeight": "sm",
            "footer": {
              "countRows": false,
              "fields": "",
              "reducer": ["sum"],
              "show": false
            },
            "showHeader": true
          },
          "pluginVersion": "10.4.1",
          "targets": [
            {
              "expr": "topk($limit,\n  sum by (user) (\n    cortex_ingester_active_series{target=~\"(.*,)?(ingester|all)(,.*)?\"}\n    / on(cluster) group_left\n    max by (cluster) (cortex_distributor_replication_factor{target=~\"(.*,)?(distributor|all)(,.*)?\"})\n  )\n)\n",
              "format": "table",
              "instant": true,
              "intervalFactor": 2,
              "legendFormat": "",
              "refId": "A",
              "step": 10
            }
          ],
          "title": "Top $limit users by active series",
          "transformations": [
            {
              "id": "merge",
              "options": {
                "reducers": []
              }
            }
          ],
          "type": "table"
        }
      ],
      "title": "By active series",
      "type": "row"
    },
    {
      "collapsed": true,
      "gridPos": {
        "h": 1,
        "w": 24,
        "x": 0,
        "y": 5
      },
      "id": 15,
      "panels": [
        {
          "aliasColors": {},
          "bars": false,
          "columns": [],
          "dashLength": 10,
          "dashes": false,
          "datasource": "GEM system monitoring",
          "fieldConfig": {
            "defaults": {
              "custom": {
                "align": "auto",
                "cellOptions": {
                  "type": "auto"
                },
                "inspect": false
              },
              "mappings": [],
              "thresholds": {
                "mode": "absolute",
                "steps": [
                  {
                    "color": "green",
                    "value": null
                  },
                  {
                    "color": "red",
                    "value": 80
                  }
                ]
              }
            },
            "overrides": []
          },
          "fill": 1,
          "fontSize": "100%",
          "gridPos": {
            "h": 7,
            "w": 24,
            "x": 0,
            "y": 13
          },
          "id": 3,
          "legend": {
            "avg": false,
            "current": false,
            "max": false,
            "min": false,
            "show": true,
            "total": false,
            "values": false
          },
          "lines": true,
          "linewidth": 1,
          "nullPointMode": "null as zero",
          "options": {
            "cellHeight": "sm",
            "footer": {
              "countRows": false,
              "fields": "",
              "reducer": ["sum"],
              "show": false
            },
            "showHeader": true
          },
          "percentage": false,
          "pluginVersion": "10.4.1",
          "pointradius": 5,
          "points": false,
          "renderer": "flot",
          "seriesOverrides": [],
          "showHeader": true,
          "sort": {
            "col": 2,
            "desc": true
          },
          "spaceLength": 10,
          "stack": false,
          "steppedLine": false,
          "styles": [
            {
              "alias": "Time",
              "align": "auto",
              "dateFormat": "YYYY-MM-DD HH:mm:ss",
              "pattern": "Time",
              "type": "hidden"
            },
            {
              "alias": "series",
              "align": "auto",
              "colors": [],
              "dateFormat": "YYYY-MM-DD HH:mm:ss",
              "decimals": 2,
              "link": false,
              "linkTargetBlank": false,
              "linkTooltip": "Drill down",
              "linkUrl": "",
              "pattern": "Value #A",
              "thresholds": [],
              "type": "number",
              "unit": "short"
            },
            {
              "alias": "",
              "align": "auto",
              "colors": [],
              "dateFormat": "YYYY-MM-DD HH:mm:ss",
              "decimals": 2,
              "pattern": "/.*/",
              "thresholds": [],
              "type": "string",
              "unit": "short"
            }
          ],
          "targets": [
            {
              "expr": "topk($limit, sum by (user) (\n  (\n      sum by (user, cluster) (cortex_ingester_memory_series_created_total{target=~\"(.*,)?(ingester|all)(,.*)?\"} )\n      -\n      sum by (user, cluster) (cortex_ingester_memory_series_removed_total{target=~\"(.*,)?(ingester|all)(,.*)?\"} )\n  )\n  / on(cluster) group_left\n  max by (cluster) (cortex_distributor_replication_factor{target=~\"(.*,)?(distributor|all)(,.*)?\"} )\n)\n)",
              "format": "table",
              "instant": true,
              "intervalFactor": 2,
              "legendFormat": "",
              "refId": "A",
              "step": 10
            }
          ],
          "thresholds": [],
          "title": "Top $limit users by in-memory series (series created - series removed)",
          "tooltip": {
            "shared": false,
            "sort": 0,
            "value_type": "individual"
          },
          "transform": "table",
          "type": "table",
          "xaxis": {
            "mode": "time",
            "show": true,
            "values": []
          },
          "yaxes": [
            {
              "format": "short",
              "logBase": 1,
              "min": 0,
              "show": true
            },
            {
              "format": "short",
              "logBase": 1,
              "show": false
            }
          ]
        }
      ],
      "title": "By in-memory series",
      "type": "row"
    },
    {
      "collapsed": true,
      "gridPos": {
        "h": 1,
        "w": 24,
        "x": 0,
        "y": 6
      },
      "id": 16,
      "panels": [
        {
          "aliasColors": {},
          "bars": false,
          "dashLength": 10,
          "dashes": false,
          "datasource": "GEM system monitoring",
          "fieldConfig": {
            "defaults": {
              "color": {
                "mode": "palette-classic"
              },
              "custom": {
                "axisBorderShow": false,
                "axisCenteredZero": false,
                "axisColorMode": "text",
                "axisLabel": "",
                "axisPlacement": "auto",
                "barAlignment": 0,
                "drawStyle": "line",
                "fillOpacity": 0,
                "gradientMode": "none",
                "hideFrom": {
                  "legend": false,
                  "tooltip": false,
                  "viz": false
                },
                "insertNulls": false,
                "lineInterpolation": "linear",
                "lineWidth": 1,
                "pointSize": 5,
                "scaleDistribution": {
                  "type": "linear"
                },
                "showPoints": "auto",
                "spanNulls": false,
                "stacking": {
                  "group": "A",
                  "mode": "none"
                },
                "thresholdsStyle": {
                  "mode": "off"
                }
              },
              "mappings": [],
              "thresholds": {
                "mode": "absolute",
                "steps": [
                  {
                    "color": "green",
                    "value": null
                  },
                  {
                    "color": "red",
                    "value": 80
                  }
                ]
              }
            },
            "overrides": []
          },
          "fill": 1,
          "gridPos": {
            "h": 7,
            "w": 24,
            "x": 0,
            "y": 21
          },
          "id": 4,
          "legend": {
            "avg": false,
            "current": false,
            "max": false,
            "min": false,
            "show": true,
            "total": false,
            "values": false
          },
          "lines": true,
          "linewidth": 1,
          "nullPointMode": "null as zero",
          "options": {
            "legend": {
              "calcs": [],
              "displayMode": "list",
              "placement": "bottom",
              "showLegend": true
            },
            "tooltip": {
              "mode": "single",
              "sort": "none"
            }
          },
          "percentage": false,
          "pointradius": 5,
          "points": false,
          "renderer": "flot",
          "seriesOverrides": [],
          "spaceLength": 10,
          "stack": false,
          "steppedLine": false,
          "targets": [
            {
              "expr": "sum by (user) (\n  (\n      sum by (user, cluster) (cortex_ingester_memory_series_created_total{target=~\"(.*,)?(ingester|all)(,.*)?\"} )\n      -\n      sum by (user, cluster) (cortex_ingester_memory_series_removed_total{target=~\"(.*,)?(ingester|all)(,.*)?\"} )\n  )\n  / on(cluster) group_left\n  max by (cluster) (cortex_distributor_replication_factor{target=~\"(.*,)?(distributor|all)(,.*)?\"} )\n)\n\nand\ntopk($limit, sum by (user) (\n  (\n      sum by (user, cluster) (cortex_ingester_memory_series_created_total{target=~\"(.*,)?(ingester|all)(,.*)?\"} @ end())\n      -\n      sum by (user, cluster) (cortex_ingester_memory_series_removed_total{target=~\"(.*,)?(ingester|all)(,.*)?\"} @ end())\n  )\n  / on(cluster) group_left\n  max by (cluster) (cortex_distributor_replication_factor{target=~\"(.*,)?(distributor|all)(,.*)?\"} @ end())\n)\n - sum by (user) (\n  (\n      sum by (user, cluster) (cortex_ingester_memory_series_created_total{target=~\"(.*,)?(ingester|all)(,.*)?\"} @ start())\n      -\n      sum by (user, cluster) (cortex_ingester_memory_series_removed_total{target=~\"(.*,)?(ingester|all)(,.*)?\"} @ start())\n  )\n  / on(cluster) group_left\n  max by (cluster) (cortex_distributor_replication_factor{target=~\"(.*,)?(distributor|all)(,.*)?\"} @ start())\n)\n)\n",
              "format": "time_series",
              "intervalFactor": 2,
              "legendFormat": "{{ user }}",
              "refId": "A",
              "step": 10
            }
          ],
          "thresholds": [],
          "title": "Top $limit users by in-memory series (series created - series removed) that grew the most between query range start and query range end",
          "tooltip": {
            "shared": false,
            "sort": 0,
            "value_type": "individual"
          },
          "type": "timeseries",
          "xaxis": {
            "mode": "time",
            "show": true,
            "values": []
          },
          "yaxes": [
            {
              "format": "short",
              "logBase": 1,
              "min": 0,
              "show": true
            },
            {
              "format": "short",
              "logBase": 1,
              "show": false
            }
          ]
        }
      ],
      "title": "By in-memory series growth",
      "type": "row"
    },
    {
      "collapsed": true,
      "gridPos": {
        "h": 1,
        "w": 24,
        "x": 0,
        "y": 7
      },
      "id": 17,
      "panels": [
        {
          "aliasColors": {},
          "bars": false,
          "columns": [],
          "dashLength": 10,
          "dashes": false,
          "datasource": "GEM system monitoring",
          "fieldConfig": {
            "defaults": {
              "custom": {
                "align": "auto",
                "cellOptions": {
                  "type": "auto"
                },
                "inspect": false
              },
              "mappings": [],
              "thresholds": {
                "mode": "absolute",
                "steps": [
                  {
                    "color": "green",
                    "value": null
                  },
                  {
                    "color": "red",
                    "value": 80
                  }
                ]
              }
            },
            "overrides": []
          },
          "fill": 1,
          "fontSize": "100%",
          "gridPos": {
            "h": 7,
            "w": 24,
            "x": 0,
            "y": 29
          },
          "id": 5,
          "legend": {
            "avg": false,
            "current": false,
            "max": false,
            "min": false,
            "show": true,
            "total": false,
            "values": false
          },
          "lines": true,
          "linewidth": 1,
          "nullPointMode": "null as zero",
          "options": {
            "cellHeight": "sm",
            "footer": {
              "countRows": false,
              "fields": "",
              "reducer": ["sum"],
              "show": false
            },
            "showHeader": true
          },
          "percentage": false,
          "pluginVersion": "10.4.1",
          "pointradius": 5,
          "points": false,
          "renderer": "flot",
          "seriesOverrides": [],
          "showHeader": true,
          "sort": {
            "col": 2,
            "desc": true
          },
          "spaceLength": 10,
          "stack": false,
          "steppedLine": false,
          "styles": [
            {
              "alias": "Time",
              "align": "auto",
              "dateFormat": "YYYY-MM-DD HH:mm:ss",
              "pattern": "Time",
              "type": "hidden"
            },
            {
              "alias": "samples/s",
              "align": "auto",
              "colors": [],
              "dateFormat": "YYYY-MM-DD HH:mm:ss",
              "decimals": 2,
              "link": false,
              "linkTargetBlank": false,
              "linkTooltip": "Drill down",
              "linkUrl": "",
              "pattern": "Value #A",
              "thresholds": [],
              "type": "number",
              "unit": "short"
            },
            {
              "alias": "",
              "align": "auto",
              "colors": [],
              "dateFormat": "YYYY-MM-DD HH:mm:ss",
              "decimals": 2,
              "pattern": "/.*/",
              "thresholds": [],
              "type": "string",
              "unit": "short"
            }
          ],
          "targets": [
            {
              "expr": "topk($limit, sum by (user) (rate(cortex_distributor_received_samples_total{target=~\"(.*,)?(distributor|all)(,.*)?\"}[5m])))",
              "format": "table",
              "instant": true,
              "intervalFactor": 2,
              "legendFormat": "",
              "refId": "A",
              "step": 10
            }
          ],
          "thresholds": [],
          "title": "Top $limit users by received samples rate in last 5m",
          "tooltip": {
            "shared": false,
            "sort": 0,
            "value_type": "individual"
          },
          "transform": "table",
          "type": "table",
          "xaxis": {
            "mode": "time",
            "show": true,
            "values": []
          },
          "yaxes": [
            {
              "format": "short",
              "logBase": 1,
              "min": 0,
              "show": true
            },
            {
              "format": "short",
              "logBase": 1,
              "show": false
            }
          ]
        }
      ],
      "title": "By samples rate",
      "type": "row"
    },
    {
      "collapsed": true,
      "gridPos": {
        "h": 1,
        "w": 24,
        "x": 0,
        "y": 8
      },
      "id": 18,
      "panels": [
        {
          "aliasColors": {},
          "bars": false,
          "dashLength": 10,
          "dashes": false,
          "datasource": "GEM system monitoring",
          "fieldConfig": {
            "defaults": {
              "color": {
                "mode": "palette-classic"
              },
              "custom": {
                "axisBorderShow": false,
                "axisCenteredZero": false,
                "axisColorMode": "text",
                "axisLabel": "",
                "axisPlacement": "auto",
                "barAlignment": 0,
                "drawStyle": "line",
                "fillOpacity": 0,
                "gradientMode": "none",
                "hideFrom": {
                  "legend": false,
                  "tooltip": false,
                  "viz": false
                },
                "insertNulls": false,
                "lineInterpolation": "linear",
                "lineWidth": 1,
                "pointSize": 5,
                "scaleDistribution": {
                  "type": "linear"
                },
                "showPoints": "auto",
                "spanNulls": false,
                "stacking": {
                  "group": "A",
                  "mode": "none"
                },
                "thresholdsStyle": {
                  "mode": "off"
                }
              },
              "mappings": [],
              "thresholds": {
                "mode": "absolute",
                "steps": [
                  {
                    "color": "green",
                    "value": null
                  },
                  {
                    "color": "red",
                    "value": 80
                  }
                ]
              }
            },
            "overrides": []
          },
          "fill": 1,
          "gridPos": {
            "h": 7,
            "w": 24,
            "x": 0,
            "y": 37
          },
          "id": 6,
          "legend": {
            "avg": false,
            "current": false,
            "max": false,
            "min": false,
            "show": true,
            "total": false,
            "values": false
          },
          "lines": true,
          "linewidth": 1,
          "nullPointMode": "null as zero",
          "options": {
            "legend": {
              "calcs": [],
              "displayMode": "list",
              "placement": "bottom",
              "showLegend": true
            },
            "tooltip": {
              "mode": "single",
              "sort": "none"
            }
          },
          "percentage": false,
          "pointradius": 5,
          "points": false,
          "renderer": "flot",
          "seriesOverrides": [],
          "spaceLength": 10,
          "stack": false,
          "steppedLine": false,
          "targets": [
            {
              "expr": "sum by (user) (rate(cortex_distributor_received_samples_total{target=~\"(.*,)?(distributor|all)(,.*)?\"}[$__rate_interval]))\nand\ntopk($limit,\n  sum by (user) (rate(cortex_distributor_received_samples_total{target=~\"(.*,)?(distributor|all)(,.*)?\"}[$__rate_interval] @ end()))\n  -\n  sum by (user) (rate(cortex_distributor_received_samples_total{target=~\"(.*,)?(distributor|all)(,.*)?\"}[$__rate_interval] @ start()))\n)\n",
              "format": "time_series",
              "intervalFactor": 2,
              "legendFormat": "{{ user }}",
              "refId": "A",
              "step": 10
            }
          ],
          "thresholds": [],
          "title": "Top $limit users by received samples rate that grew the most between query range start and query range end",
          "tooltip": {
            "shared": false,
            "sort": 0,
            "value_type": "individual"
          },
          "type": "timeseries",
          "xaxis": {
            "mode": "time",
            "show": true,
            "values": []
          },
          "yaxes": [
            {
              "format": "short",
              "logBase": 1,
              "min": 0,
              "show": true
            },
            {
              "format": "short",
              "logBase": 1,
              "show": false
            }
          ]
        }
      ],
      "title": "By samples rate growth",
      "type": "row"
    },
    {
      "collapsed": true,
      "gridPos": {
        "h": 1,
        "w": 24,
        "x": 0,
        "y": 9
      },
      "id": 19,
      "panels": [
        {
          "aliasColors": {},
          "bars": false,
          "columns": [],
          "dashLength": 10,
          "dashes": false,
          "datasource": "GEM system monitoring",
          "fieldConfig": {
            "defaults": {
              "custom": {
                "align": "auto",
                "cellOptions": {
                  "type": "auto"
                },
                "inspect": false
              },
              "mappings": [],
              "thresholds": {
                "mode": "absolute",
                "steps": [
                  {
                    "color": "green",
                    "value": null
                  },
                  {
                    "color": "red",
                    "value": 80
                  }
                ]
              }
            },
            "overrides": []
          },
          "fill": 1,
          "fontSize": "100%",
          "gridPos": {
            "h": 7,
            "w": 24,
            "x": 0,
            "y": 45
          },
          "id": 7,
          "legend": {
            "avg": false,
            "current": false,
            "max": false,
            "min": false,
            "show": true,
            "total": false,
            "values": false
          },
          "lines": true,
          "linewidth": 1,
          "nullPointMode": "null as zero",
          "options": {
            "cellHeight": "sm",
            "footer": {
              "countRows": false,
              "fields": "",
              "reducer": ["sum"],
              "show": false
            },
            "showHeader": true
          },
          "percentage": false,
          "pluginVersion": "10.4.1",
          "pointradius": 5,
          "points": false,
          "renderer": "flot",
          "seriesOverrides": [],
          "showHeader": true,
          "sort": {
            "col": 2,
            "desc": true
          },
          "spaceLength": 10,
          "stack": false,
          "steppedLine": false,
          "styles": [
            {
              "alias": "Time",
              "align": "auto",
              "dateFormat": "YYYY-MM-DD HH:mm:ss",
              "pattern": "Time",
              "type": "hidden"
            },
            {
              "alias": "samples/s",
              "align": "auto",
              "colors": [],
              "dateFormat": "YYYY-MM-DD HH:mm:ss",
              "decimals": 2,
              "link": false,
              "linkTargetBlank": false,
              "linkTooltip": "Drill down",
              "linkUrl": "",
              "pattern": "Value #A",
              "thresholds": [],
              "type": "number",
              "unit": "short"
            },
            {
              "alias": "",
              "align": "auto",
              "colors": [],
              "dateFormat": "YYYY-MM-DD HH:mm:ss",
              "decimals": 2,
              "pattern": "/.*/",
              "thresholds": [],
              "type": "string",
              "unit": "short"
            }
          ],
          "targets": [
            {
              "expr": "topk($limit, sum by (user) (rate(cortex_discarded_samples_total{target=~\"(.*,)?(ingester|all)(,.*)?|(.*,)?(distributor|all)(,.*)?\"}[5m])))",
              "format": "table",
              "instant": true,
              "intervalFactor": 2,
              "legendFormat": "",
              "refId": "A",
              "step": 10
            }
          ],
          "thresholds": [],
          "title": "Top $limit users by discarded samples rate in last 5m",
          "tooltip": {
            "shared": false,
            "sort": 0,
            "value_type": "individual"
          },
          "transform": "table",
          "type": "table",
          "xaxis": {
            "mode": "time",
            "show": true,
            "values": []
          },
          "yaxes": [
            {
              "format": "short",
              "logBase": 1,
              "min": 0,
              "show": true
            },
            {
              "format": "short",
              "logBase": 1,
              "show": false
            }
          ]
        }
      ],
      "title": "By discarded samples rate",
      "type": "row"
    },
    {
      "collapsed": true,
      "gridPos": {
        "h": 1,
        "w": 24,
        "x": 0,
        "y": 10
      },
      "id": 20,
      "panels": [
        {
          "aliasColors": {},
          "bars": false,
          "dashLength": 10,
          "dashes": false,
          "datasource": "GEM system monitoring",
          "fieldConfig": {
            "defaults": {
              "color": {
                "mode": "palette-classic"
              },
              "custom": {
                "axisBorderShow": false,
                "axisCenteredZero": false,
                "axisColorMode": "text",
                "axisLabel": "",
                "axisPlacement": "auto",
                "barAlignment": 0,
                "drawStyle": "line",
                "fillOpacity": 0,
                "gradientMode": "none",
                "hideFrom": {
                  "legend": false,
                  "tooltip": false,
                  "viz": false
                },
                "insertNulls": false,
                "lineInterpolation": "linear",
                "lineWidth": 1,
                "pointSize": 5,
                "scaleDistribution": {
                  "type": "linear"
                },
                "showPoints": "auto",
                "spanNulls": false,
                "stacking": {
                  "group": "A",
                  "mode": "none"
                },
                "thresholdsStyle": {
                  "mode": "off"
                }
              },
              "mappings": [],
              "thresholds": {
                "mode": "absolute",
                "steps": [
                  {
                    "color": "green",
                    "value": null
                  },
                  {
                    "color": "red",
                    "value": 80
                  }
                ]
              }
            },
            "overrides": []
          },
          "fill": 1,
          "gridPos": {
            "h": 7,
            "w": 24,
            "x": 0,
            "y": 53
          },
          "id": 8,
          "legend": {
            "avg": false,
            "current": false,
            "max": false,
            "min": false,
            "show": true,
            "total": false,
            "values": false
          },
          "lines": true,
          "linewidth": 1,
          "nullPointMode": "null as zero",
          "options": {
            "legend": {
              "calcs": [],
              "displayMode": "list",
              "placement": "bottom",
              "showLegend": true
            },
            "tooltip": {
              "mode": "single",
              "sort": "none"
            }
          },
          "percentage": false,
          "pointradius": 5,
          "points": false,
          "renderer": "flot",
          "seriesOverrides": [],
          "spaceLength": 10,
          "stack": false,
          "steppedLine": false,
          "targets": [
            {
              "expr": "sum by (user) (rate(cortex_discarded_samples_total{target=~\"(.*,)?(ingester|all)(,.*)?|(.*,)?(distributor|all)(,.*)?\"}[$__rate_interval]))\nand\ntopk($limit,\n  sum by (user) (rate(cortex_discarded_samples_total{target=~\"(.*,)?(ingester|all)(,.*)?|(.*,)?(distributor|all)(,.*)?\"}[$__rate_interval] @ end()))\n  -\n  sum by (user) (rate(cortex_discarded_samples_total{target=~\"(.*,)?(ingester|all)(,.*)?|(.*,)?(distributor|all)(,.*)?\"}[$__rate_interval] @ start()))\n)\n",
              "format": "time_series",
              "intervalFactor": 2,
              "legendFormat": "{{ user }}",
              "refId": "A",
              "step": 10
            }
          ],
          "thresholds": [],
          "title": "Top $limit users by discarded samples rate that grew the most between query range start and query range end",
          "tooltip": {
            "shared": false,
            "sort": 0,
            "value_type": "individual"
          },
          "type": "timeseries",
          "xaxis": {
            "mode": "time",
            "show": true,
            "values": []
          },
          "yaxes": [
            {
              "format": "short",
              "logBase": 1,
              "min": 0,
              "show": true
            },
            {
              "format": "short",
              "logBase": 1,
              "show": false
            }
          ]
        }
      ],
      "title": "By discarded samples rate growth",
      "type": "row"
    },
    {
      "collapsed": true,
      "gridPos": {
        "h": 1,
        "w": 24,
        "x": 0,
        "y": 11
      },
      "id": 21,
      "panels": [
        {
          "aliasColors": {},
          "bars": false,
          "columns": [],
          "dashLength": 10,
          "dashes": false,
          "datasource": "GEM system monitoring",
          "fieldConfig": {
            "defaults": {
              "custom": {
                "align": "auto",
                "cellOptions": {
                  "type": "auto"
                },
                "inspect": false
              },
              "mappings": [],
              "thresholds": {
                "mode": "absolute",
                "steps": [
                  {
                    "color": "green",
                    "value": null
                  },
                  {
                    "color": "red",
                    "value": 80
                  }
                ]
              }
            },
            "overrides": []
          },
          "fill": 1,
          "fontSize": "100%",
          "gridPos": {
            "h": 7,
            "w": 24,
            "x": 0,
            "y": 61
          },
          "id": 9,
          "legend": {
            "avg": false,
            "current": false,
            "max": false,
            "min": false,
            "show": true,
            "total": false,
            "values": false
          },
          "lines": true,
          "linewidth": 1,
          "nullPointMode": "null as zero",
          "options": {
            "cellHeight": "sm",
            "footer": {
              "countRows": false,
              "fields": "",
              "reducer": ["sum"],
              "show": false
            },
            "showHeader": true
          },
          "percentage": false,
          "pluginVersion": "10.4.1",
          "pointradius": 5,
          "points": false,
          "renderer": "flot",
          "seriesOverrides": [],
          "showHeader": true,
          "sort": {
            "col": 2,
            "desc": true
          },
          "spaceLength": 10,
          "stack": false,
          "steppedLine": false,
          "styles": [
            {
              "alias": "Time",
              "align": "auto",
              "dateFormat": "YYYY-MM-DD HH:mm:ss",
              "pattern": "Time",
              "type": "hidden"
            },
            {
              "alias": "series",
              "align": "auto",
              "colors": [],
              "dateFormat": "YYYY-MM-DD HH:mm:ss",
              "decimals": 2,
              "link": false,
              "linkTargetBlank": false,
              "linkTooltip": "Drill down",
              "linkUrl": "",
              "pattern": "Value #A",
              "thresholds": [],
              "type": "number",
              "unit": "short"
            },
            {
              "alias": "",
              "align": "auto",
              "colors": [],
              "dateFormat": "YYYY-MM-DD HH:mm:ss",
              "decimals": 2,
              "pattern": "/.*/",
              "thresholds": [],
              "type": "string",
              "unit": "short"
            }
          ],
          "targets": [
            {
              "expr": "topk($limit,\n  sum by (user) (\n    cortex_ingester_tsdb_exemplar_series_with_exemplars_in_storage{target=~\"(.*,)?(ingester|all)(,.*)?\"}\n    / on(cluster) group_left\n    max by (cluster) (cortex_distributor_replication_factor{target=~\"(.*,)?(distributor|all)(,.*)?\"})\n  )\n)\n",
              "format": "table",
              "instant": true,
              "intervalFactor": 2,
              "legendFormat": "",
              "refId": "A",
              "step": 10
            }
          ],
          "thresholds": [],
          "title": "Top $limit users by series with exemplars",
          "tooltip": {
            "shared": false,
            "sort": 0,
            "value_type": "individual"
          },
          "transform": "table",
          "type": "table",
          "xaxis": {
            "mode": "time",
            "show": true,
            "values": []
          },
          "yaxes": [
            {
              "format": "short",
              "logBase": 1,
              "min": 0,
              "show": true
            },
            {
              "format": "short",
              "logBase": 1,
              "show": false
            }
          ]
        }
      ],
      "title": "By series with exemplars",
      "type": "row"
    },
    {
      "collapsed": true,
      "gridPos": {
        "h": 1,
        "w": 24,
        "x": 0,
        "y": 12
      },
      "id": 22,
      "panels": [
        {
          "aliasColors": {},
          "bars": false,
          "columns": [],
          "dashLength": 10,
          "dashes": false,
          "datasource": "GEM system monitoring",
          "fieldConfig": {
            "defaults": {
              "custom": {
                "align": "auto",
                "cellOptions": {
                  "type": "auto"
                },
                "inspect": false
              },
              "mappings": [],
              "thresholds": {
                "mode": "absolute",
                "steps": [
                  {
                    "color": "green",
                    "value": null
                  },
                  {
                    "color": "red",
                    "value": 80
                  }
                ]
              }
            },
            "overrides": []
          },
          "fill": 1,
          "fontSize": "100%",
          "gridPos": {
            "h": 7,
            "w": 24,
            "x": 0,
            "y": 69
          },
          "id": 10,
          "legend": {
            "avg": false,
            "current": false,
            "max": false,
            "min": false,
            "show": true,
            "total": false,
            "values": false
          },
          "lines": true,
          "linewidth": 1,
          "nullPointMode": "null as zero",
          "options": {
            "cellHeight": "sm",
            "footer": {
              "countRows": false,
              "fields": "",
              "reducer": ["sum"],
              "show": false
            },
            "showHeader": true
          },
          "percentage": false,
          "pluginVersion": "10.4.1",
          "pointradius": 5,
          "points": false,
          "renderer": "flot",
          "seriesOverrides": [],
          "showHeader": true,
          "sort": {
            "col": 2,
            "desc": true
          },
          "spaceLength": 10,
          "stack": false,
          "steppedLine": false,
          "styles": [
            {
              "alias": "Time",
              "align": "auto",
              "dateFormat": "YYYY-MM-DD HH:mm:ss",
              "pattern": "Time",
              "type": "hidden"
            },
            {
              "alias": "exemplars/s",
              "align": "auto",
              "colors": [],
              "dateFormat": "YYYY-MM-DD HH:mm:ss",
              "decimals": 2,
              "link": false,
              "linkTargetBlank": false,
              "linkTooltip": "Drill down",
              "linkUrl": "",
              "pattern": "Value #A",
              "thresholds": [],
              "type": "number",
              "unit": "short"
            },
            {
              "alias": "",
              "align": "auto",
              "colors": [],
              "dateFormat": "YYYY-MM-DD HH:mm:ss",
              "decimals": 2,
              "pattern": "/.*/",
              "thresholds": [],
              "type": "string",
              "unit": "short"
            }
          ],
          "targets": [
            {
              "expr": "topk($limit, sum by (user) (rate(cortex_distributor_received_exemplars_total{target=~\"(.*,)?(distributor|all)(,.*)?\"}[5m])))",
              "format": "table",
              "instant": true,
              "intervalFactor": 2,
              "legendFormat": "",
              "refId": "A",
              "step": 10
            }
          ],
          "thresholds": [],
          "title": "Top $limit users by received exemplars rate in last 5m",
          "tooltip": {
            "shared": false,
            "sort": 0,
            "value_type": "individual"
          },
          "transform": "table",
          "type": "table",
          "xaxis": {
            "mode": "time",
            "show": true,
            "values": []
          },
          "yaxes": [
            {
              "format": "short",
              "logBase": 1,
              "min": 0,
              "show": true
            },
            {
              "format": "short",
              "logBase": 1,
              "show": false
            }
          ]
        }
      ],
      "title": "By exemplars rate",
      "type": "row"
    },
    {
      "collapsed": true,
      "gridPos": {
        "h": 1,
        "w": 24,
        "x": 0,
        "y": 13
      },
      "id": 23,
      "panels": [
        {
          "aliasColors": {},
          "bars": false,
          "columns": [],
          "dashLength": 10,
          "dashes": false,
          "datasource": "GEM system monitoring",
          "fieldConfig": {
            "defaults": {
              "custom": {
                "align": "auto",
                "cellOptions": {
                  "type": "auto"
                },
                "inspect": false
              },
              "mappings": [],
              "thresholds": {
                "mode": "absolute",
                "steps": [
                  {
                    "color": "green",
                    "value": null
                  },
                  {
                    "color": "red",
                    "value": 80
                  }
                ]
              }
            },
            "overrides": []
          },
          "fill": 1,
          "fontSize": "100%",
          "gridPos": {
            "h": 7,
            "w": 24,
            "x": 0,
            "y": 70
          },
          "id": 11,
          "legend": {
            "avg": false,
            "current": false,
            "max": false,
            "min": false,
            "show": true,
            "total": false,
            "values": false
          },
          "lines": true,
          "linewidth": 1,
          "nullPointMode": "null as zero",
          "options": {
            "cellHeight": "sm",
            "footer": {
              "countRows": false,
              "fields": "",
              "reducer": ["sum"],
              "show": false
            },
            "showHeader": true
          },
          "percentage": false,
          "pluginVersion": "10.4.1",
          "pointradius": 5,
          "points": false,
          "renderer": "flot",
          "seriesOverrides": [],
          "showHeader": true,
          "sort": {
            "col": 3,
            "desc": true
          },
          "spaceLength": 10,
          "stack": false,
          "steppedLine": false,
          "styles": [
            {
              "alias": "Time",
              "align": "auto",
              "dateFormat": "YYYY-MM-DD HH:mm:ss",
              "pattern": "Time",
              "type": "hidden"
            },
            {
              "alias": "rules",
              "align": "auto",
              "colors": [],
              "dateFormat": "YYYY-MM-DD HH:mm:ss",
              "decimals": 2,
              "link": false,
              "linkTargetBlank": false,
              "linkTooltip": "Drill down",
              "linkUrl": "",
              "pattern": "Value #A",
              "thresholds": [],
              "type": "number",
              "unit": "short"
            },
            {
              "alias": "",
              "align": "auto",
              "colors": [],
              "dateFormat": "YYYY-MM-DD HH:mm:ss",
              "decimals": 2,
              "pattern": "/.*/",
              "thresholds": [],
              "type": "string",
              "unit": "short"
            }
          ],
          "targets": [
            {
              "expr": "topk($limit, sum by (rule_group, user) (cortex_prometheus_rule_group_rules{target=~\"(.*,)?(ruler|all)(,.*)?\"}))",
              "format": "table",
              "instant": true,
              "intervalFactor": 2,
              "legendFormat": "",
              "refId": "A",
              "step": 10
            }
          ],
          "thresholds": [],
          "title": "Top $limit biggest groups",
          "tooltip": {
            "shared": false,
            "sort": 0,
            "value_type": "individual"
          },
          "transform": "table",
          "type": "table",
          "xaxis": {
            "mode": "time",
            "show": true,
            "values": []
          },
          "yaxes": [
            {
              "format": "short",
              "logBase": 1,
              "min": 0,
              "show": true
            },
            {
              "format": "short",
              "logBase": 1,
              "show": false
            }
          ]
        }
      ],
      "title": "By rule group size",
      "type": "row"
    },
    {
      "collapsed": true,
      "gridPos": {
        "h": 1,
        "w": 24,
        "x": 0,
        "y": 14
      },
      "id": 24,
      "panels": [
        {
          "aliasColors": {},
          "bars": false,
          "columns": [],
          "dashLength": 10,
          "dashes": false,
          "datasource": "GEM system monitoring",
          "fieldConfig": {
            "defaults": {
              "custom": {
                "align": "auto",
                "cellOptions": {
                  "type": "auto"
                },
                "inspect": false
              },
              "mappings": [],
              "thresholds": {
                "mode": "absolute",
                "steps": [
                  {
                    "color": "green",
                    "value": null
                  },
                  {
                    "color": "red",
                    "value": 80
                  }
                ]
              }
            },
            "overrides": []
          },
          "fill": 1,
          "fontSize": "100%",
          "gridPos": {
            "h": 7,
            "w": 24,
            "x": 0,
            "y": 71
          },
          "id": 12,
          "legend": {
            "avg": false,
            "current": false,
            "max": false,
            "min": false,
            "show": true,
            "total": false,
            "values": false
          },
          "lines": true,
          "linewidth": 1,
          "nullPointMode": "null as zero",
          "options": {
            "cellHeight": "sm",
            "footer": {
              "countRows": false,
              "fields": "",
              "reducer": ["sum"],
              "show": false
            },
            "showHeader": true
          },
          "percentage": false,
          "pluginVersion": "10.4.1",
          "pointradius": 5,
          "points": false,
          "renderer": "flot",
          "seriesOverrides": [],
          "showHeader": true,
          "sort": {
            "col": 3,
            "desc": true
          },
          "spaceLength": 10,
          "stack": false,
          "steppedLine": false,
          "styles": [
            {
              "alias": "Time",
              "align": "auto",
              "dateFormat": "YYYY-MM-DD HH:mm:ss",
              "pattern": "Time",
              "type": "hidden"
            },
            {
              "alias": "seconds",
              "align": "auto",
              "colors": [],
              "dateFormat": "YYYY-MM-DD HH:mm:ss",
              "decimals": 2,
              "link": false,
              "linkTargetBlank": false,
              "linkTooltip": "Drill down",
              "linkUrl": "",
              "pattern": "Value #A",
              "thresholds": [],
              "type": "number",
              "unit": "short"
            },
            {
              "alias": "",
              "align": "auto",
              "colors": [],
              "dateFormat": "YYYY-MM-DD HH:mm:ss",
              "decimals": 2,
              "pattern": "/.*/",
              "thresholds": [],
              "type": "string",
              "unit": "short"
            }
          ],
          "targets": [
            {
              "expr": "topk($limit, sum by (rule_group, user) (cortex_prometheus_rule_group_last_duration_seconds{target=~\"(.*,)?(ruler|all)(,.*)?\"}))",
              "format": "table",
              "instant": true,
              "intervalFactor": 2,
              "legendFormat": "",
              "refId": "A",
              "step": 10
            }
          ],
          "thresholds": [],
          "title": "Top $limit slowest groups (last evaluation)",
          "tooltip": {
            "shared": false,
            "sort": 0,
            "value_type": "individual"
          },
          "transform": "table",
          "type": "table",
          "xaxis": {
            "mode": "time",
            "show": true,
            "values": []
          },
          "yaxes": [
            {
              "format": "short",
              "logBase": 1,
              "min": 0,
              "show": true
            },
            {
              "format": "short",
              "logBase": 1,
              "show": false
            }
          ]
        }
      ],
      "title": "By rule group evaluation time",
      "type": "row"
    }
  ],
  "refresh": "10s",
  "schemaVersion": 39,
  "tags": ["GEM", "self-monitoring"],
  "templating": {
    "list": [
      {
        "current": {
          "selected": false,
          "text": "10",
          "value": "10"
        },
        "hide": 0,
        "includeAll": false,
        "multi": false,
        "name": "limit",
        "options": [],
        "query": "",
        "skipUrlSync": false,
        "type": "custom"
      }
    ]
  },
  "time": {
    "from": "now-1h",
    "to": "now"
  },
  "timepicker": {
    "refresh_intervals": ["5s", "10s", "30s", "1m", "5m", "15m", "30m", "1h", "2h", "1d"],
    "time_options": ["5m", "15m", "1h", "6h", "12h", "24h", "2d", "7d", "30d"]
  },
  "timezone": "utc",
  "title": "Top tenants",
  "uid": "gem---top-tenants",
  "version": 0
}
