{
  "annotations": {
    "list": []
  },
  "editable": false,
  "gnetId": null,
  "graphTooltip": 0,
  "hideControls": false,
  "links": [
    {
      "asDropdown": true,
      "icon": "external link",
      "includeVars": true,
      "keepTime": true,
      "tags": ["GEM", "self-monitoring"],
      "targetBlank": false,
      "title": "GEM system monitoring",
      "type": "dashboards"
    }
  ],
  "refresh": "",
  "rows": [
    {
      "collapse": false,
      "height": "250px",
      "panels": [
        {
          "datasource": "GEM system monitoring",
          "id": 1,
          "span": 12,
          "targets": [
            {
              "expr": "max by(limit_name) (cortex_limits_defaults{})",
              "instant": true,
              "legendFormat": "",
              "refId": "A"
            }
          ],
          "title": "Defaults",
          "transformations": [
            {
              "id": "labelsToFields",
              "options": {}
            },
            {
              "id": "merge",
              "options": {}
            },
            {
              "id": "organize",
              "options": {
                "excludeByName": {
                  "Time": true
                },
                "indexByName": {
                  "Value": 1,
                  "limit_name": 0
                }
              }
            },
            {
              "id": "sortBy",
              "options": {
                "fields": {},
                "sort": [
                  {
                    "field": "limit_name"
                  }
                ]
              }
            }
          ],
          "type": "table"
        }
      ],
      "repeat": null,
      "repeatIteration": null,
      "repeatRowId": null,
      "showTitle": true,
      "title": "",
      "titleSize": "h6"
    },
    {
      "collapse": false,
      "height": "250px",
      "panels": [
        {
          "datasource": "GEM system monitoring",
          "id": 2,
          "span": 12,
          "targets": [
            {
              "expr": "max by(user, limit_name) (cortex_limits_overrides{user=~\"${tenant_id}\"})",
              "instant": true,
              "legendFormat": "",
              "refId": "A"
            }
          ],
          "title": "Per-tenant overrides",
          "transformations": [
            {
              "id": "labelsToFields",
              "options": {
                "mode": "columns",
                "valueLabel": "limit_name"
              }
            },
            {
              "id": "merge",
              "options": {}
            },
            {
              "id": "organize",
              "options": {
                "excludeByName": {
                  "Time": true
                },
                "indexByName": {
                  "user": 0
                }
              }
            }
          ],
          "type": "table"
        }
      ],
      "repeat": null,
      "repeatIteration": null,
      "repeatRowId": null,
      "showTitle": true,
      "title": "",
      "titleSize": "h6"
    }
  ],
  "schemaVersion": 14,
  "style": "dark",
  "tags": ["GEM", "self-monitoring"],
  "templating": {
    "list": [
      {
        "current": {
          "selected": true,
          "text": ".*",
          "value": ".*"
        },
        "hide": 0,
        "label": "Tenant ID",
        "name": "tenant_id",
        "options": [
          {
            "selected": true,
            "text": ".*",
            "value": ".*"
          }
        ],
        "query": ".*",
        "type": "textbox"
      }
    ]
  },
  "time": {
    "from": "now-1h",
    "to": "now"
  },
  "timepicker": {
    "refresh_intervals": ["5s", "10s", "30s", "1m", "5m", "15m", "30m", "1h", "2h", "1d"],
    "time_options": ["5m", "15m", "1h", "6h", "12h", "24h", "2d", "7d", "30d"]
  },
  "timezone": "utc",
  "title": "Overrides",
  "uid": "gem---overrides",
  "version": 0
}
