{
  "annotations": {
    "list": []
  },
  "editable": false,
  "gnetId": null,
  "graphTooltip": 0,
  "hideControls": false,
  "links": [
    {
      "asDropdown": true,
      "icon": "external link",
      "includeVars": true,
      "keepTime": true,
      "tags": ["GEM", "self-monitoring"],
      "targetBlank": false,
      "title": "GEM system monitoring",
      "type": "dashboards"
    }
  ],
  "refresh": "10s",
  "rows": [
    {
      "collapse": false,
      "height": "100px",
      "panels": [
        {
          "aliasColors": {},
          "bars": false,
          "dashLength": 10,
          "dashes": false,
          "datasource": "GEM system monitoring",
          "fill": 1,
          "format": "short",
          "id": 1,
          "legend": {
            "avg": false,
            "current": false,
            "max": false,
            "min": false,
            "show": true,
            "total": false,
            "values": false
          },
          "lines": true,
          "linewidth": 1,
          "links": [],
          "nullPointMode": "null as zero",
          "percentage": false,
          "pointradius": 5,
          "points": false,
          "renderer": "flot",
          "seriesOverrides": [],
          "spaceLength": 10,
          "span": 3,
          "stack": false,
          "steppedLine": false,
          "targets": [
            {
              "expr": "sum(cortex_ruler_managers_total{target=~\"(.*,)?(ruler|all)(,.*)?\"})",
              "format": "time_series",
              "instant": true,
              "intervalFactor": 2,
              "refId": "A"
            }
          ],
          "thresholds": "70,80",
          "timeFrom": null,
          "timeShift": null,
          "title": "Active configurations",
          "tooltip": {
            "shared": false,
            "sort": 0,
            "value_type": "individual"
          },
          "type": "singlestat",
          "xaxis": {
            "buckets": null,
            "mode": "time",
            "name": null,
            "show": true,
            "values": []
          },
          "yaxes": [
            {
              "format": "short",
              "label": null,
              "logBase": 1,
              "max": null,
              "min": 0,
              "show": true
            },
            {
              "format": "short",
              "label": null,
              "logBase": 1,
              "max": null,
              "min": null,
              "show": false
            }
          ]
        },
        {
          "aliasColors": {},
          "bars": false,
          "dashLength": 10,
          "dashes": false,
          "datasource": "GEM system monitoring",
          "fill": 1,
          "format": "short",
          "id": 2,
          "legend": {
            "avg": false,
            "current": false,
            "max": false,
            "min": false,
            "show": true,
            "total": false,
            "values": false
          },
          "lines": true,
          "linewidth": 1,
          "links": [],
          "nullPointMode": "null as zero",
          "percentage": false,
          "pointradius": 5,
          "points": false,
          "renderer": "flot",
          "seriesOverrides": [],
          "spaceLength": 10,
          "span": 3,
          "stack": false,
          "steppedLine": false,
          "targets": [
            {
              "expr": "sum(cortex_prometheus_rule_group_rules{target=~\"(.*,)?(ruler|all)(,.*)?\"})",
              "format": "time_series",
              "instant": true,
              "intervalFactor": 2,
              "refId": "A"
            }
          ],
          "thresholds": "70,80",
          "timeFrom": null,
          "timeShift": null,
          "title": "Total rules",
          "tooltip": {
            "shared": false,
            "sort": 0,
            "value_type": "individual"
          },
          "type": "singlestat",
          "xaxis": {
            "buckets": null,
            "mode": "time",
            "name": null,
            "show": true,
            "values": []
          },
          "yaxes": [
            {
              "format": "short",
              "label": null,
              "logBase": 1,
              "max": null,
              "min": 0,
              "show": true
            },
            {
              "format": "short",
              "label": null,
              "logBase": 1,
              "max": null,
              "min": null,
              "show": false
            }
          ]
        },
        {
          "aliasColors": {},
          "bars": false,
          "dashLength": 10,
          "dashes": false,
          "datasource": "GEM system monitoring",
          "fill": 1,
          "format": "reqps",
          "id": 3,
          "legend": {
            "avg": false,
            "current": false,
            "max": false,
            "min": false,
            "show": true,
            "total": false,
            "values": false
          },
          "lines": true,
          "linewidth": 1,
          "links": [],
          "nullPointMode": "null as zero",
          "percentage": false,
          "pointradius": 5,
          "points": false,
          "renderer": "flot",
          "seriesOverrides": [],
          "spaceLength": 10,
          "span": 3,
          "stack": false,
          "steppedLine": false,
          "targets": [
            {
              "expr": "sum(rate(cortex_ingester_client_request_duration_seconds_count{target=~\"(.*,)?(ruler|all)(,.*)?\", operation=\"/cortex.Ingester/QueryStream\"}[$__rate_interval]))",
              "format": "time_series",
              "instant": true,
              "intervalFactor": 2,
              "refId": "A"
            }
          ],
          "thresholds": "70,80",
          "timeFrom": null,
          "timeShift": null,
          "title": "Read from ingesters - QPS",
          "tooltip": {
            "shared": false,
            "sort": 0,
            "value_type": "individual"
          },
          "type": "singlestat",
          "xaxis": {
            "buckets": null,
            "mode": "time",
            "name": null,
            "show": true,
            "values": []
          },
          "yaxes": [
            {
              "format": "short",
              "label": null,
              "logBase": 1,
              "max": null,
              "min": 0,
              "show": true
            },
            {
              "format": "short",
              "label": null,
              "logBase": 1,
              "max": null,
              "min": null,
              "show": false
            }
          ]
        },
        {
          "aliasColors": {},
          "bars": false,
          "dashLength": 10,
          "dashes": false,
          "datasource": "GEM system monitoring",
          "fill": 1,
          "format": "reqps",
          "id": 4,
          "legend": {
            "avg": false,
            "current": false,
            "max": false,
            "min": false,
            "show": true,
            "total": false,
            "values": false
          },
          "lines": true,
          "linewidth": 1,
          "links": [],
          "nullPointMode": "null as zero",
          "percentage": false,
          "pointradius": 5,
          "points": false,
          "renderer": "flot",
          "seriesOverrides": [],
          "spaceLength": 10,
          "span": 3,
          "stack": false,
          "steppedLine": false,
          "targets": [
            {
              "expr": "sum(rate(cortex_ingester_client_request_duration_seconds_count{target=~\"(.*,)?(ruler|all)(,.*)?\", operation=\"/cortex.Ingester/Push\"}[$__rate_interval]))",
              "format": "time_series",
              "instant": true,
              "intervalFactor": 2,
              "refId": "A"
            }
          ],
          "thresholds": "70,80",
          "timeFrom": null,
          "timeShift": null,
          "title": "Write to ingesters - QPS",
          "tooltip": {
            "shared": false,
            "sort": 0,
            "value_type": "individual"
          },
          "type": "singlestat",
          "xaxis": {
            "buckets": null,
            "mode": "time",
            "name": null,
            "show": true,
            "values": []
          },
          "yaxes": [
            {
              "format": "short",
              "label": null,
              "logBase": 1,
              "max": null,
              "min": 0,
              "show": true
            },
            {
              "format": "short",
              "label": null,
              "logBase": 1,
              "max": null,
              "min": null,
              "show": false
            }
          ]
        }
      ],
      "repeat": null,
      "repeatIteration": null,
      "repeatRowId": null,
      "showTitle": false,
      "title": "Headlines",
      "titleSize": "h6"
    },
    {
      "collapse": false,
      "height": "250px",
      "panels": [
        {
          "aliasColors": {
            "failed": "#E24D42",
            "success": "#7EB26D"
          },
          "bars": false,
          "dashLength": 10,
          "dashes": false,
          "datasource": "GEM system monitoring",
          "fill": 1,
          "id": 5,
          "legend": {
            "avg": false,
            "current": false,
            "max": false,
            "min": false,
            "show": true,
            "total": false,
            "values": false
          },
          "lines": true,
          "linewidth": 1,
          "links": [],
          "nullPointMode": "null as zero",
          "percentage": false,
          "pointradius": 5,
          "points": false,
          "renderer": "flot",
          "seriesOverrides": [],
          "spaceLength": 10,
          "span": 6,
          "stack": false,
          "steppedLine": false,
          "targets": [
            {
              "expr": "sum(rate(cortex_prometheus_rule_evaluations_total{target=~\"(.*,)?(ruler|all)(,.*)?\"}[$__rate_interval]))\n-\nsum(rate(cortex_prometheus_rule_evaluation_failures_total{target=~\"(.*,)?(ruler|all)(,.*)?\"}[$__rate_interval]))\n",
              "format": "time_series",
              "intervalFactor": 2,
              "legendFormat": "success",
              "legendLink": null,
              "step": 10
            },
            {
              "expr": "sum(rate(cortex_prometheus_rule_evaluation_failures_total{target=~\"(.*,)?(ruler|all)(,.*)?\"}[$__rate_interval]))",
              "format": "time_series",
              "intervalFactor": 2,
              "legendFormat": "failed",
              "legendLink": null,
              "step": 10
            },
            {
              "expr": "sum(rate(cortex_prometheus_rule_group_iterations_missed_total{target=~\"(.*,)?(ruler|all)(,.*)?\"}[$__rate_interval]))",
              "format": "time_series",
              "intervalFactor": 2,
              "legendFormat": "missed",
              "legendLink": null,
              "step": 10
            }
          ],
          "thresholds": [],
          "timeFrom": null,
          "timeShift": null,
          "title": "Evaluations per second",
          "tooltip": {
            "shared": false,
            "sort": 0,
            "value_type": "individual"
          },
          "type": "timeseries",
          "options": {},
          "xaxis": {
            "buckets": null,
            "mode": "time",
            "name": null,
            "show": true,
            "values": []
          },
          "yaxes": [
            {
              "format": "short",
              "label": null,
              "logBase": 1,
              "max": null,
              "min": 0,
              "show": true
            },
            {
              "format": "short",
              "label": null,
              "logBase": 1,
              "max": null,
              "min": null,
              "show": false
            }
          ]
        },
        {
          "aliasColors": {},
          "bars": false,
          "dashLength": 10,
          "dashes": false,
          "datasource": "GEM system monitoring",
          "fill": 1,
          "id": 6,
          "legend": {
            "avg": false,
            "current": false,
            "max": false,
            "min": false,
            "show": true,
            "total": false,
            "values": false
          },
          "lines": true,
          "linewidth": 1,
          "links": [],
          "nullPointMode": "null as zero",
          "percentage": false,
          "pointradius": 5,
          "points": false,
          "renderer": "flot",
          "seriesOverrides": [],
          "spaceLength": 10,
          "span": 6,
          "stack": false,
          "steppedLine": false,
          "targets": [
            {
              "expr": "sum (rate(cortex_prometheus_rule_evaluation_duration_seconds_sum{target=~\"(.*,)?(ruler|all)(,.*)?\"}[$__rate_interval]))\n  /\nsum (rate(cortex_prometheus_rule_evaluation_duration_seconds_count{target=~\"(.*,)?(ruler|all)(,.*)?\"}[$__rate_interval]))\n",
              "format": "time_series",
              "intervalFactor": 2,
              "legendFormat": "average",
              "legendLink": null,
              "step": 10
            }
          ],
          "thresholds": [],
          "timeFrom": null,
          "timeShift": null,
          "title": "Latency",
          "tooltip": {
            "shared": false,
            "sort": 0,
            "value_type": "individual"
          },
          "type": "timeseries",
          "options": {},
          "xaxis": {
            "buckets": null,
            "mode": "time",
            "name": null,
            "show": true,
            "values": []
          },
          "yaxes": [
            {
              "format": "s",
              "label": null,
              "logBase": 1,
              "max": null,
              "min": 0,
              "show": true
            },
            {
              "format": "short",
              "label": null,
              "logBase": 1,
              "max": null,
              "min": null,
              "show": false
            }
          ]
        }
      ],
      "repeat": null,
      "repeatIteration": null,
      "repeatRowId": null,
      "showTitle": true,
      "title": "Rule evaluations global",
      "titleSize": "h6"
    },
    {
      "collapse": false,
      "height": "250px",
      "panels": [
        {
          "aliasColors": {
            "1xx": "#EAB839",
            "2xx": "#7EB26D",
            "3xx": "#6ED0E0",
            "4xx": "#EF843C",
            "5xx": "#E24D42",
            "error": "#E24D42",
            "success": "#7EB26D"
          },
          "bars": false,
          "dashLength": 10,
          "dashes": false,
          "datasource": "GEM system monitoring",
          "fill": 10,
          "id": 7,
          "legend": {
            "avg": false,
            "current": false,
            "max": false,
            "min": false,
            "show": true,
            "total": false,
            "values": false
          },
          "lines": true,
          "linewidth": 0,
          "links": [],
          "nullPointMode": "null as zero",
          "percentage": false,
          "pointradius": 5,
          "points": false,
          "renderer": "flot",
          "seriesOverrides": [],
          "spaceLength": 10,
          "span": 4,
          "stack": true,
          "steppedLine": false,
          "targets": [
            {
              "expr": "sum by (status) (\n  label_replace(label_replace(rate(cortex_request_duration_seconds_count{target=~\"(.*,)?gateway(,.*)?\", route=~\"((api_prom_api_v1|prometheus_api_v1)_(rules|alerts|status_buildinfo))|((api_prom|api_v1|prometheus|prometheus_config_v1)_rules.*)\"}[$__rate_interval]),\n  \"status\", \"${1}xx\", \"status_code\", \"([0-9])..\"),\n  \"status\", \"${1}\", \"status_code\", \"([a-z]+)\"))\n",
              "format": "time_series",
              "intervalFactor": 2,
              "legendFormat": "{{status}}",
              "refId": "A",
              "step": 10
            }
          ],
          "thresholds": [],
          "timeFrom": null,
          "timeShift": null,
          "title": "QPS",
          "tooltip": {
            "shared": false,
            "sort": 0,
            "value_type": "individual"
          },
          "type": "timeseries",
          "options": {},
          "xaxis": {
            "buckets": null,
            "mode": "time",
            "name": null,
            "show": true,
            "values": []
          },
          "yaxes": [
            {
              "format": "reqps",
              "label": null,
              "logBase": 1,
              "max": null,
              "min": 0,
              "show": true
            },
            {
              "format": "short",
              "label": null,
              "logBase": 1,
              "max": null,
              "min": null,
              "show": false
            }
          ]
        },
        {
          "aliasColors": {},
          "bars": false,
          "dashLength": 10,
          "dashes": false,
          "datasource": "GEM system monitoring",
          "fill": 1,
          "id": 8,
          "legend": {
            "avg": false,
            "current": false,
            "max": false,
            "min": false,
            "show": true,
            "total": false,
            "values": false
          },
          "lines": true,
          "linewidth": 1,
          "links": [],
          "nullPointMode": "null as zero",
          "percentage": false,
          "pointradius": 5,
          "points": false,
          "renderer": "flot",
          "seriesOverrides": [],
          "spaceLength": 10,
          "span": 4,
          "stack": false,
          "steppedLine": false,
          "targets": [
            {
              "expr": "histogram_quantile(0.99, sum by (le) (target_route:cortex_request_duration_seconds_bucket:sum_rate{target=~\"(.*,)?gateway(,.*)?\", route=~\"((api_prom_api_v1|prometheus_api_v1)_(rules|alerts|status_buildinfo))|((api_prom|api_v1|prometheus|prometheus_config_v1)_rules.*)\"})) * 1e3",
              "format": "time_series",
              "intervalFactor": 2,
              "legendFormat": "99th Percentile",
              "refId": "A",
              "step": 10
            },
            {
              "expr": "histogram_quantile(0.50, sum by (le) (target_route:cortex_request_duration_seconds_bucket:sum_rate{target=~\"(.*,)?gateway(,.*)?\", route=~\"((api_prom_api_v1|prometheus_api_v1)_(rules|alerts|status_buildinfo))|((api_prom|api_v1|prometheus|prometheus_config_v1)_rules.*)\"})) * 1e3",
              "format": "time_series",
              "intervalFactor": 2,
              "legendFormat": "50th Percentile",
              "refId": "B",
              "step": 10
            },
            {
              "expr": "1e3 * sum(target_route:cortex_request_duration_seconds_sum:sum_rate{target=~\"(.*,)?gateway(,.*)?\", route=~\"((api_prom_api_v1|prometheus_api_v1)_(rules|alerts|status_buildinfo))|((api_prom|api_v1|prometheus|prometheus_config_v1)_rules.*)\"}) / sum(target_route:cortex_request_duration_seconds_count:sum_rate{target=~\"(.*,)?gateway(,.*)?\", route=~\"((api_prom_api_v1|prometheus_api_v1)_(rules|alerts|status_buildinfo))|((api_prom|api_v1|prometheus|prometheus_config_v1)_rules.*)\"})",
              "format": "time_series",
              "intervalFactor": 2,
              "legendFormat": "Average",
              "refId": "C",
              "step": 10
            }
          ],
          "thresholds": [],
          "timeFrom": null,
          "timeShift": null,
          "title": "Latency",
          "tooltip": {
            "shared": false,
            "sort": 0,
            "value_type": "individual"
          },
          "type": "timeseries",
          "options": {},
          "xaxis": {
            "buckets": null,
            "mode": "time",
            "name": null,
            "show": true,
            "values": []
          },
          "yaxes": [
            {
              "format": "ms",
              "label": null,
              "logBase": 1,
              "max": null,
              "min": 0,
              "show": true
            },
            {
              "format": "short",
              "label": null,
              "logBase": 1,
              "max": null,
              "min": null,
              "show": false
            }
          ]
        },
        {
          "aliasColors": {},
          "bars": false,
          "dashLength": 10,
          "dashes": false,
          "datasource": "GEM system monitoring",
          "fill": 1,
          "id": 9,
          "legend": {
            "avg": false,
            "current": false,
            "max": false,
            "min": false,
            "show": true,
            "total": false,
            "values": false
          },
          "lines": true,
          "linewidth": 1,
          "links": [],
          "nullPointMode": "null as zero",
          "percentage": false,
          "pointradius": 5,
          "points": false,
          "renderer": "flot",
          "seriesOverrides": [],
          "spaceLength": 10,
          "span": 4,
          "stack": false,
          "steppedLine": false,
          "targets": [
            {
              "expr": "histogram_quantile(0.99, sum by (route, le) (target_route:cortex_request_duration_seconds_bucket:sum_rate{target=~\"(.*,)?gateway(,.*)?\", route=~\"((api_prom_api_v1|prometheus_api_v1)_(rules|alerts|status_buildinfo))|((api_prom|api_v1|prometheus|prometheus_config_v1)_rules.*)\"}))",
              "format": "time_series",
              "intervalFactor": 2,
              "legendFormat": "{{ route }}",
              "legendLink": null,
              "step": 10
            }
          ],
          "thresholds": [],
          "timeFrom": null,
          "timeShift": null,
          "title": "Per route p99 latency",
          "tooltip": {
            "shared": false,
            "sort": 0,
            "value_type": "individual"
          },
          "type": "timeseries",
          "options": {},
          "xaxis": {
            "buckets": null,
            "mode": "time",
            "name": null,
            "show": true,
            "values": []
          },
          "yaxes": [
            {
              "format": "s",
              "label": null,
              "logBase": 1,
              "max": null,
              "min": 0,
              "show": true
            },
            {
              "format": "short",
              "label": null,
              "logBase": 1,
              "max": null,
              "min": null,
              "show": false
            }
          ]
        }
      ],
      "repeat": null,
      "repeatIteration": null,
      "repeatRowId": null,
      "showTitle": true,
      "title": "Configuration API (gateway)",
      "titleSize": "h6"
    },
    {
      "collapse": false,
      "height": "250px",
      "panels": [
        {
          "aliasColors": {
            "1xx": "#EAB839",
            "2xx": "#7EB26D",
            "3xx": "#6ED0E0",
            "4xx": "#EF843C",
            "5xx": "#E24D42",
            "error": "#E24D42",
            "success": "#7EB26D"
          },
          "bars": false,
          "dashLength": 10,
          "dashes": false,
          "datasource": "GEM system monitoring",
          "fill": 10,
          "id": 10,
          "legend": {
            "avg": false,
            "current": false,
            "max": false,
            "min": false,
            "show": true,
            "total": false,
            "values": false
          },
          "lines": true,
          "linewidth": 0,
          "links": [],
          "nullPointMode": "null as zero",
          "percentage": false,
          "pointradius": 5,
          "points": false,
          "renderer": "flot",
          "seriesOverrides": [],
          "spaceLength": 10,
          "span": 6,
          "stack": true,
          "steppedLine": false,
          "targets": [
            {
              "expr": "sum by (status) (\n  label_replace(label_replace(rate(cortex_ingester_client_request_duration_seconds_count{target=~\"(.*,)?(ruler|all)(,.*)?\", operation=\"/cortex.Ingester/Push\"}[$__rate_interval]),\n  \"status\", \"${1}xx\", \"status_code\", \"([0-9])..\"),\n  \"status\", \"${1}\", \"status_code\", \"([a-z]+)\"))\n",
              "format": "time_series",
              "intervalFactor": 2,
              "legendFormat": "{{status}}",
              "refId": "A",
              "step": 10
            }
          ],
          "thresholds": [],
          "timeFrom": null,
          "timeShift": null,
          "title": "QPS",
          "tooltip": {
            "shared": false,
            "sort": 0,
            "value_type": "individual"
          },
          "type": "timeseries",
          "options": {},
          "xaxis": {
            "buckets": null,
            "mode": "time",
            "name": null,
            "show": true,
            "values": []
          },
          "yaxes": [
            {
              "format": "reqps",
              "label": null,
              "logBase": 1,
              "max": null,
              "min": 0,
              "show": true
            },
            {
              "format": "short",
              "label": null,
              "logBase": 1,
              "max": null,
              "min": null,
              "show": false
            }
          ]
        },
        {
          "aliasColors": {},
          "bars": false,
          "dashLength": 10,
          "dashes": false,
          "datasource": "GEM system monitoring",
          "fill": 1,
          "id": 11,
          "legend": {
            "avg": false,
            "current": false,
            "max": false,
            "min": false,
            "show": true,
            "total": false,
            "values": false
          },
          "lines": true,
          "linewidth": 1,
          "links": [],
          "nullPointMode": "null as zero",
          "percentage": false,
          "pointradius": 5,
          "points": false,
          "renderer": "flot",
          "seriesOverrides": [],
          "spaceLength": 10,
          "span": 6,
          "stack": false,
          "steppedLine": false,
          "targets": [
            {
              "expr": "histogram_quantile(0.99, sum(rate(cortex_ingester_client_request_duration_seconds_bucket{target=~\"(.*,)?(ruler|all)(,.*)?\", operation=\"/cortex.Ingester/Push\"}[$__rate_interval])) by (le)) * 1e3",
              "format": "time_series",
              "intervalFactor": 2,
              "legendFormat": "99th Percentile",
              "refId": "A",
              "step": 10
            },
            {
              "expr": "histogram_quantile(0.50, sum(rate(cortex_ingester_client_request_duration_seconds_bucket{target=~\"(.*,)?(ruler|all)(,.*)?\", operation=\"/cortex.Ingester/Push\"}[$__rate_interval])) by (le)) * 1e3",
              "format": "time_series",
              "intervalFactor": 2,
              "legendFormat": "50th Percentile",
              "refId": "B",
              "step": 10
            },
            {
              "expr": "sum(rate(cortex_ingester_client_request_duration_seconds_sum{target=~\"(.*,)?(ruler|all)(,.*)?\", operation=\"/cortex.Ingester/Push\"}[$__rate_interval])) * 1e3 / sum(rate(cortex_ingester_client_request_duration_seconds_count{target=~\"(.*,)?(ruler|all)(,.*)?\", operation=\"/cortex.Ingester/Push\"}[$__rate_interval]))",
              "format": "time_series",
              "intervalFactor": 2,
              "legendFormat": "Average",
              "refId": "C",
              "step": 10
            }
          ],
          "thresholds": [],
          "timeFrom": null,
          "timeShift": null,
          "title": "Latency",
          "tooltip": {
            "shared": false,
            "sort": 0,
            "value_type": "individual"
          },
          "type": "timeseries",
          "options": {},
          "xaxis": {
            "buckets": null,
            "mode": "time",
            "name": null,
            "show": true,
            "values": []
          },
          "yaxes": [
            {
              "format": "ms",
              "label": null,
              "logBase": 1,
              "max": null,
              "min": 0,
              "show": true
            },
            {
              "format": "short",
              "label": null,
              "logBase": 1,
              "max": null,
              "min": null,
              "show": false
            }
          ]
        }
      ],
      "repeat": null,
      "repeatIteration": null,
      "repeatRowId": null,
      "showTitle": true,
      "title": "Writes (ingesters)",
      "titleSize": "h6"
    },
    {
      "collapse": false,
      "height": "250px",
      "panels": [
        {
          "aliasColors": {
            "1xx": "#EAB839",
            "2xx": "#7EB26D",
            "3xx": "#6ED0E0",
            "4xx": "#EF843C",
            "5xx": "#E24D42",
            "error": "#E24D42",
            "success": "#7EB26D"
          },
          "bars": false,
          "dashLength": 10,
          "dashes": false,
          "datasource": "GEM system monitoring",
          "fill": 10,
          "id": 12,
          "legend": {
            "avg": false,
            "current": false,
            "max": false,
            "min": false,
            "show": true,
            "total": false,
            "values": false
          },
          "lines": true,
          "linewidth": 0,
          "links": [],
          "nullPointMode": "null as zero",
          "percentage": false,
          "pointradius": 5,
          "points": false,
          "renderer": "flot",
          "seriesOverrides": [],
          "spaceLength": 10,
          "span": 6,
          "stack": true,
          "steppedLine": false,
          "targets": [
            {
              "expr": "sum by (status) (\n  label_replace(label_replace(rate(cortex_ingester_client_request_duration_seconds_count{target=~\"(.*,)?(ruler|all)(,.*)?\", operation=\"/cortex.Ingester/QueryStream\"}[$__rate_interval]),\n  \"status\", \"${1}xx\", \"status_code\", \"([0-9])..\"),\n  \"status\", \"${1}\", \"status_code\", \"([a-z]+)\"))\n",
              "format": "time_series",
              "intervalFactor": 2,
              "legendFormat": "{{status}}",
              "refId": "A",
              "step": 10
            }
          ],
          "thresholds": [],
          "timeFrom": null,
          "timeShift": null,
          "title": "QPS",
          "tooltip": {
            "shared": false,
            "sort": 0,
            "value_type": "individual"
          },
          "type": "timeseries",
          "options": {},
          "xaxis": {
            "buckets": null,
            "mode": "time",
            "name": null,
            "show": true,
            "values": []
          },
          "yaxes": [
            {
              "format": "reqps",
              "label": null,
              "logBase": 1,
              "max": null,
              "min": 0,
              "show": true
            },
            {
              "format": "short",
              "label": null,
              "logBase": 1,
              "max": null,
              "min": null,
              "show": false
            }
          ]
        },
        {
          "aliasColors": {},
          "bars": false,
          "dashLength": 10,
          "dashes": false,
          "datasource": "GEM system monitoring",
          "fill": 1,
          "id": 13,
          "legend": {
            "avg": false,
            "current": false,
            "max": false,
            "min": false,
            "show": true,
            "total": false,
            "values": false
          },
          "lines": true,
          "linewidth": 1,
          "links": [],
          "nullPointMode": "null as zero",
          "percentage": false,
          "pointradius": 5,
          "points": false,
          "renderer": "flot",
          "seriesOverrides": [],
          "spaceLength": 10,
          "span": 6,
          "stack": false,
          "steppedLine": false,
          "targets": [
            {
              "expr": "histogram_quantile(0.99, sum(rate(cortex_ingester_client_request_duration_seconds_bucket{target=~\"(.*,)?(ruler|all)(,.*)?\", operation=\"/cortex.Ingester/QueryStream\"}[$__rate_interval])) by (le)) * 1e3",
              "format": "time_series",
              "intervalFactor": 2,
              "legendFormat": "99th Percentile",
              "refId": "A",
              "step": 10
            },
            {
              "expr": "histogram_quantile(0.50, sum(rate(cortex_ingester_client_request_duration_seconds_bucket{target=~\"(.*,)?(ruler|all)(,.*)?\", operation=\"/cortex.Ingester/QueryStream\"}[$__rate_interval])) by (le)) * 1e3",
              "format": "time_series",
              "intervalFactor": 2,
              "legendFormat": "50th Percentile",
              "refId": "B",
              "step": 10
            },
            {
              "expr": "sum(rate(cortex_ingester_client_request_duration_seconds_sum{target=~\"(.*,)?(ruler|all)(,.*)?\", operation=\"/cortex.Ingester/QueryStream\"}[$__rate_interval])) * 1e3 / sum(rate(cortex_ingester_client_request_duration_seconds_count{target=~\"(.*,)?(ruler|all)(,.*)?\", operation=\"/cortex.Ingester/QueryStream\"}[$__rate_interval]))",
              "format": "time_series",
              "intervalFactor": 2,
              "legendFormat": "Average",
              "refId": "C",
              "step": 10
            }
          ],
          "thresholds": [],
          "timeFrom": null,
          "timeShift": null,
          "title": "Latency",
          "tooltip": {
            "shared": false,
            "sort": 0,
            "value_type": "individual"
          },
          "type": "timeseries",
          "options": {},
          "xaxis": {
            "buckets": null,
            "mode": "time",
            "name": null,
            "show": true,
            "values": []
          },
          "yaxes": [
            {
              "format": "ms",
              "label": null,
              "logBase": 1,
              "max": null,
              "min": 0,
              "show": true
            },
            {
              "format": "short",
              "label": null,
              "logBase": 1,
              "max": null,
              "min": null,
              "show": false
            }
          ]
        }
      ],
      "repeat": null,
      "repeatIteration": null,
      "repeatRowId": null,
      "showTitle": true,
      "title": "Reads (ingesters)",
      "titleSize": "h6"
    },
    {
      "collapse": false,
      "height": "250px",
      "panels": [
        {
          "aliasColors": {
            "1xx": "#EAB839",
            "2xx": "#7EB26D",
            "3xx": "#6ED0E0",
            "4xx": "#EF843C",
            "5xx": "#E24D42",
            "error": "#E24D42",
            "success": "#7EB26D"
          },
          "bars": false,
          "dashLength": 10,
          "dashes": false,
          "datasource": "GEM system monitoring",
          "fill": 10,
          "id": 14,
          "legend": {
            "avg": false,
            "current": false,
            "max": false,
            "min": false,
            "show": true,
            "total": false,
            "values": false
          },
          "lines": true,
          "linewidth": 0,
          "links": [],
          "nullPointMode": "null as zero",
          "percentage": false,
          "pointradius": 5,
          "points": false,
          "renderer": "flot",
          "seriesOverrides": [],
          "spaceLength": 10,
          "span": 6,
          "stack": true,
          "steppedLine": false,
          "targets": [
            {
              "expr": "sum by (status) (\n  label_replace(label_replace(rate(cortex_kv_request_duration_seconds_count{target=~\"(.*,)?(ruler|all)(,.*)?\", kv_name=~\"ruler\"}[$__rate_interval]),\n  \"status\", \"${1}xx\", \"status_code\", \"([0-9])..\"),\n  \"status\", \"${1}\", \"status_code\", \"([a-z]+)\"))\n",
              "format": "time_series",
              "intervalFactor": 2,
              "legendFormat": "{{status}}",
              "refId": "A",
              "step": 10
            }
          ],
          "thresholds": [],
          "timeFrom": null,
          "timeShift": null,
          "title": "Requests / sec",
          "tooltip": {
            "shared": false,
            "sort": 0,
            "value_type": "individual"
          },
          "type": "timeseries",
          "options": {},
          "xaxis": {
            "buckets": null,
            "mode": "time",
            "name": null,
            "show": true,
            "values": []
          },
          "yaxes": [
            {
              "format": "reqps",
              "label": null,
              "logBase": 1,
              "max": null,
              "min": 0,
              "show": true
            },
            {
              "format": "short",
              "label": null,
              "logBase": 1,
              "max": null,
              "min": null,
              "show": false
            }
          ]
        },
        {
          "aliasColors": {},
          "bars": false,
          "dashLength": 10,
          "dashes": false,
          "datasource": "GEM system monitoring",
          "fill": 1,
          "id": 15,
          "legend": {
            "avg": false,
            "current": false,
            "max": false,
            "min": false,
            "show": true,
            "total": false,
            "values": false
          },
          "lines": true,
          "linewidth": 1,
          "links": [],
          "nullPointMode": "null as zero",
          "percentage": false,
          "pointradius": 5,
          "points": false,
          "renderer": "flot",
          "seriesOverrides": [],
          "spaceLength": 10,
          "span": 6,
          "stack": false,
          "steppedLine": false,
          "targets": [
            {
              "expr": "histogram_quantile(0.99, sum(rate(cortex_kv_request_duration_seconds_bucket{target=~\"(.*,)?(ruler|all)(,.*)?\", kv_name=~\"ruler\"}[$__rate_interval])) by (le)) * 1e3",
              "format": "time_series",
              "intervalFactor": 2,
              "legendFormat": "99th Percentile",
              "refId": "A",
              "step": 10
            },
            {
              "expr": "histogram_quantile(0.50, sum(rate(cortex_kv_request_duration_seconds_bucket{target=~\"(.*,)?(ruler|all)(,.*)?\", kv_name=~\"ruler\"}[$__rate_interval])) by (le)) * 1e3",
              "format": "time_series",
              "intervalFactor": 2,
              "legendFormat": "50th Percentile",
              "refId": "B",
              "step": 10
            },
            {
              "expr": "sum(rate(cortex_kv_request_duration_seconds_sum{target=~\"(.*,)?(ruler|all)(,.*)?\", kv_name=~\"ruler\"}[$__rate_interval])) * 1e3 / sum(rate(cortex_kv_request_duration_seconds_count{target=~\"(.*,)?(ruler|all)(,.*)?\", kv_name=~\"ruler\"}[$__rate_interval]))",
              "format": "time_series",
              "intervalFactor": 2,
              "legendFormat": "Average",
              "refId": "C",
              "step": 10
            }
          ],
          "thresholds": [],
          "timeFrom": null,
          "timeShift": null,
          "title": "Latency",
          "tooltip": {
            "shared": false,
            "sort": 0,
            "value_type": "individual"
          },
          "type": "timeseries",
          "options": {},
          "xaxis": {
            "buckets": null,
            "mode": "time",
            "name": null,
            "show": true,
            "values": []
          },
          "yaxes": [
            {
              "format": "ms",
              "label": null,
              "logBase": 1,
              "max": null,
              "min": 0,
              "show": true
            },
            {
              "format": "short",
              "label": null,
              "logBase": 1,
              "max": null,
              "min": null,
              "show": false
            }
          ]
        }
      ],
      "repeat": null,
      "repeatIteration": null,
      "repeatRowId": null,
      "showTitle": true,
      "title": "Ruler - key-value store for rulers ring",
      "titleSize": "h6"
    },
    {
      "collapse": false,
      "height": "250px",
      "panels": [
        {
          "aliasColors": {},
          "bars": false,
          "dashLength": 10,
          "dashes": false,
          "datasource": "GEM system monitoring",
          "fill": 1,
          "id": 16,
          "legend": {
            "avg": false,
            "current": false,
            "max": false,
            "min": false,
            "show": true,
            "total": false,
            "values": false
          },
          "lines": true,
          "linewidth": 1,
          "links": [],
          "nullPointMode": "null as zero",
          "percentage": false,
          "pointradius": 5,
          "points": false,
          "renderer": "flot",
          "seriesOverrides": [],
          "spaceLength": 10,
          "span": 4,
          "stack": false,
          "steppedLine": false,
          "targets": [
            {
              "expr": "histogram_quantile(0.99, sum(rate(cortex_querier_storegateway_instances_hit_per_query_bucket{target=~\"(.*,)?(ruler|all)(,.*)?\"}[$__rate_interval])) by (le)) * 1",
              "format": "time_series",
              "intervalFactor": 2,
              "legendFormat": "99th Percentile",
              "refId": "A",
              "step": 10
            },
            {
              "expr": "histogram_quantile(0.50, sum(rate(cortex_querier_storegateway_instances_hit_per_query_bucket{target=~\"(.*,)?(ruler|all)(,.*)?\"}[$__rate_interval])) by (le)) * 1",
              "format": "time_series",
              "intervalFactor": 2,
              "legendFormat": "50th Percentile",
              "refId": "B",
              "step": 10
            },
            {
              "expr": "sum(rate(cortex_querier_storegateway_instances_hit_per_query_sum{target=~\"(.*,)?(ruler|all)(,.*)?\"}[$__rate_interval])) * 1 / sum(rate(cortex_querier_storegateway_instances_hit_per_query_count{target=~\"(.*,)?(ruler|all)(,.*)?\"}[$__rate_interval]))",
              "format": "time_series",
              "intervalFactor": 2,
              "legendFormat": "Average",
              "refId": "C",
              "step": 10
            }
          ],
          "thresholds": [],
          "timeFrom": null,
          "timeShift": null,
          "title": "Number of store-gateways hit per query",
          "tooltip": {
            "shared": false,
            "sort": 0,
            "value_type": "individual"
          },
          "type": "timeseries",
          "options": {},
          "xaxis": {
            "buckets": null,
            "mode": "time",
            "name": null,
            "show": true,
            "values": []
          },
          "yaxes": [
            {
              "format": "short",
              "label": null,
              "logBase": 1,
              "max": null,
              "min": 0,
              "show": true
            },
            {
              "format": "short",
              "label": null,
              "logBase": 1,
              "max": null,
              "min": null,
              "show": false
            }
          ]
        },
        {
          "aliasColors": {},
          "bars": false,
          "dashLength": 10,
          "dashes": false,
          "datasource": "GEM system monitoring",
          "fill": 1,
          "id": 17,
          "legend": {
            "avg": false,
            "current": false,
            "max": false,
            "min": false,
            "show": true,
            "total": false,
            "values": false
          },
          "lines": true,
          "linewidth": 1,
          "links": [],
          "nullPointMode": "null as zero",
          "percentage": false,
          "pointradius": 5,
          "points": false,
          "renderer": "flot",
          "seriesOverrides": [],
          "spaceLength": 10,
          "span": 4,
          "stack": false,
          "steppedLine": false,
          "targets": [
            {
              "expr": "histogram_quantile(0.99, sum(rate(cortex_querier_storegateway_refetches_per_query_bucket{target=~\"(.*,)?(ruler|all)(,.*)?\"}[$__rate_interval])) by (le)) * 1",
              "format": "time_series",
              "intervalFactor": 2,
              "legendFormat": "99th Percentile",
              "refId": "A",
              "step": 10
            },
            {
              "expr": "histogram_quantile(0.50, sum(rate(cortex_querier_storegateway_refetches_per_query_bucket{target=~\"(.*,)?(ruler|all)(,.*)?\"}[$__rate_interval])) by (le)) * 1",
              "format": "time_series",
              "intervalFactor": 2,
              "legendFormat": "50th Percentile",
              "refId": "B",
              "step": 10
            },
            {
              "expr": "sum(rate(cortex_querier_storegateway_refetches_per_query_sum{target=~\"(.*,)?(ruler|all)(,.*)?\"}[$__rate_interval])) * 1 / sum(rate(cortex_querier_storegateway_refetches_per_query_count{target=~\"(.*,)?(ruler|all)(,.*)?\"}[$__rate_interval]))",
              "format": "time_series",
              "intervalFactor": 2,
              "legendFormat": "Average",
              "refId": "C",
              "step": 10
            }
          ],
          "thresholds": [],
          "timeFrom": null,
          "timeShift": null,
          "title": "Refetches of missing blocks per query",
          "tooltip": {
            "shared": false,
            "sort": 0,
            "value_type": "individual"
          },
          "type": "timeseries",
          "options": {},
          "xaxis": {
            "buckets": null,
            "mode": "time",
            "name": null,
            "show": true,
            "values": []
          },
          "yaxes": [
            {
              "format": "short",
              "label": null,
              "logBase": 1,
              "max": null,
              "min": 0,
              "show": true
            },
            {
              "format": "short",
              "label": null,
              "logBase": 1,
              "max": null,
              "min": null,
              "show": false
            }
          ]
        },
        {
          "aliasColors": {
            "Failures / sec": "#E24D42"
          },
          "bars": false,
          "dashLength": 10,
          "dashes": false,
          "datasource": "GEM system monitoring",
          "fill": 1,
          "id": 18,
          "legend": {
            "avg": false,
            "current": false,
            "max": false,
            "min": false,
            "show": true,
            "total": false,
            "values": false
          },
          "lines": true,
          "linewidth": 1,
          "links": [],
          "nullPointMode": "null as zero",
          "percentage": false,
          "pointradius": 5,
          "points": false,
          "renderer": "flot",
          "seriesOverrides": [],
          "spaceLength": 10,
          "span": 4,
          "stack": false,
          "steppedLine": false,
          "targets": [
            {
              "expr": "sum(rate(cortex_querier_blocks_consistency_checks_failed_total{target=~\"(.*,)?(ruler|all)(,.*)?\"}[$__rate_interval])) / sum(rate(cortex_querier_blocks_consistency_checks_total{target=~\"(.*,)?(ruler|all)(,.*)?\"}[$__rate_interval]))",
              "format": "time_series",
              "intervalFactor": 2,
              "legendFormat": "Failures / sec",
              "legendLink": null,
              "step": 10
            }
          ],
          "thresholds": [],
          "timeFrom": null,
          "timeShift": null,
          "title": "Consistency checks failed",
          "tooltip": {
            "shared": false,
            "sort": 0,
            "value_type": "individual"
          },
          "type": "timeseries",
          "options": {},
          "xaxis": {
            "buckets": null,
            "mode": "time",
            "name": null,
            "show": true,
            "values": []
          },
          "yaxes": [
            {
              "format": "percentunit",
              "label": null,
              "logBase": 1,
              "max": 1,
              "min": 0,
              "show": true
            },
            {
              "format": "short",
              "label": null,
              "logBase": 1,
              "max": null,
              "min": null,
              "show": false
            }
          ]
        }
      ],
      "repeat": null,
      "repeatIteration": null,
      "repeatRowId": null,
      "showTitle": true,
      "title": "Ruler - blocks storage",
      "titleSize": "h6"
    },
    {
      "collapse": false,
      "height": "250px",
      "panels": [
        {
          "aliasColors": {},
          "bars": false,
          "dashLength": 10,
          "dashes": false,
          "datasource": "GEM system monitoring",
          "fill": 1,
          "id": 19,
          "legend": {
            "avg": false,
            "current": false,
            "max": false,
            "min": false,
            "show": true,
            "total": false,
            "values": false
          },
          "lines": true,
          "linewidth": 1,
          "links": [],
          "nullPointMode": "null as zero",
          "percentage": false,
          "pointradius": 5,
          "points": false,
          "renderer": "flot",
          "seriesOverrides": [],
          "spaceLength": 10,
          "span": 4,
          "stack": false,
          "steppedLine": false,
          "targets": [
            {
              "expr": "sum by(user) (rate(cortex_prometheus_notifications_errors_total{target=~\"(.*,)?(ruler|all)(,.*)?\"}[$__rate_interval]))\n  /\nsum by(user) (rate(cortex_prometheus_notifications_sent_total{target=~\"(.*,)?(ruler|all)(,.*)?\"}[$__rate_interval]))\n> 0\n",
              "format": "time_series",
              "intervalFactor": 2,
              "legendFormat": "{{ user }}",
              "legendLink": null,
              "step": 10
            }
          ],
          "thresholds": [],
          "timeFrom": null,
          "timeShift": null,
          "title": "Delivery errors",
          "tooltip": {
            "shared": false,
            "sort": 0,
            "value_type": "individual"
          },
          "type": "timeseries",
          "options": {},
          "xaxis": {
            "buckets": null,
            "mode": "time",
            "name": null,
            "show": true,
            "values": []
          },
          "yaxes": [
            {
              "format": "short",
              "label": null,
              "logBase": 1,
              "max": null,
              "min": 0,
              "show": true
            },
            {
              "format": "short",
              "label": null,
              "logBase": 1,
              "max": null,
              "min": null,
              "show": false
            }
          ]
        },
        {
          "aliasColors": {},
          "bars": false,
          "dashLength": 10,
          "dashes": false,
          "datasource": "GEM system monitoring",
          "fill": 1,
          "id": 20,
          "legend": {
            "avg": false,
            "current": false,
            "max": false,
            "min": false,
            "show": true,
            "total": false,
            "values": false
          },
          "lines": true,
          "linewidth": 1,
          "links": [],
          "nullPointMode": "null as zero",
          "percentage": false,
          "pointradius": 5,
          "points": false,
          "renderer": "flot",
          "seriesOverrides": [],
          "spaceLength": 10,
          "span": 4,
          "stack": false,
          "steppedLine": false,
          "targets": [
            {
              "expr": "sum by(user) (rate(cortex_prometheus_notifications_queue_length{target=~\"(.*,)?(ruler|all)(,.*)?\"}[$__rate_interval]))\n  /\nsum by(user) (rate(cortex_prometheus_notifications_queue_capacity{target=~\"(.*,)?(ruler|all)(,.*)?\"}[$__rate_interval])) > 0\n",
              "format": "time_series",
              "intervalFactor": 2,
              "legendFormat": "{{ user }}",
              "legendLink": null,
              "step": 10
            }
          ],
          "thresholds": [],
          "timeFrom": null,
          "timeShift": null,
          "title": "Queue length",
          "tooltip": {
            "shared": false,
            "sort": 0,
            "value_type": "individual"
          },
          "type": "timeseries",
          "options": {},
          "xaxis": {
            "buckets": null,
            "mode": "time",
            "name": null,
            "show": true,
            "values": []
          },
          "yaxes": [
            {
              "format": "short",
              "label": null,
              "logBase": 1,
              "max": null,
              "min": 0,
              "show": true
            },
            {
              "format": "short",
              "label": null,
              "logBase": 1,
              "max": null,
              "min": null,
              "show": false
            }
          ]
        },
        {
          "aliasColors": {},
          "bars": false,
          "dashLength": 10,
          "dashes": false,
          "datasource": "GEM system monitoring",
          "fill": 1,
          "id": 21,
          "legend": {
            "avg": false,
            "current": false,
            "max": false,
            "min": false,
            "show": true,
            "total": false,
            "values": false
          },
          "lines": true,
          "linewidth": 1,
          "links": [],
          "nullPointMode": "null as zero",
          "percentage": false,
          "pointradius": 5,
          "points": false,
          "renderer": "flot",
          "seriesOverrides": [],
          "spaceLength": 10,
          "span": 4,
          "stack": false,
          "steppedLine": false,
          "targets": [
            {
              "expr": "sum by (user) (increase(cortex_prometheus_notifications_dropped_total{target=~\"(.*,)?(ruler|all)(,.*)?\"}[$__rate_interval])) > 0\n",
              "format": "time_series",
              "intervalFactor": 2,
              "legendFormat": "{{ user }}",
              "legendLink": null,
              "step": 10
            }
          ],
          "thresholds": [],
          "timeFrom": null,
          "timeShift": null,
          "title": "Dropped",
          "tooltip": {
            "shared": false,
            "sort": 0,
            "value_type": "individual"
          },
          "type": "timeseries",
          "options": {},
          "xaxis": {
            "buckets": null,
            "mode": "time",
            "name": null,
            "show": true,
            "values": []
          },
          "yaxes": [
            {
              "format": "short",
              "label": null,
              "logBase": 1,
              "max": null,
              "min": 0,
              "show": true
            },
            {
              "format": "short",
              "label": null,
              "logBase": 1,
              "max": null,
              "min": null,
              "show": false
            }
          ]
        }
      ],
      "repeat": null,
      "repeatIteration": null,
      "repeatRowId": null,
      "showTitle": true,
      "title": "Notifications",
      "titleSize": "h6"
    },
    {
      "collapse": true,
      "height": "250px",
      "panels": [
        {
          "aliasColors": {},
          "bars": false,
          "dashLength": 10,
          "dashes": false,
          "datasource": "GEM system monitoring",
          "fill": 1,
          "id": 22,
          "legend": {
            "avg": false,
            "current": false,
            "max": false,
            "min": false,
            "show": true,
            "total": false,
            "values": false
          },
          "lines": true,
          "linewidth": 1,
          "links": [],
          "nullPointMode": "null as zero",
          "percentage": false,
          "pointradius": 5,
          "points": false,
          "renderer": "flot",
          "seriesOverrides": [],
          "spaceLength": 10,
          "span": 4,
          "stack": false,
          "steppedLine": false,
          "targets": [
            {
              "expr": "sum by(user) (rate(cortex_prometheus_rule_group_iterations_missed_total{target=~\"(.*,)?(ruler|all)(,.*)?\"}[$__rate_interval])) > 0",
              "format": "time_series",
              "intervalFactor": 2,
              "legendFormat": "{{ user }}",
              "legendLink": null,
              "step": 10
            }
          ],
          "thresholds": [],
          "timeFrom": null,
          "timeShift": null,
          "title": "Missed iterations",
          "tooltip": {
            "shared": false,
            "sort": 0,
            "value_type": "individual"
          },
          "type": "timeseries",
          "options": {},
          "xaxis": {
            "buckets": null,
            "mode": "time",
            "name": null,
            "show": true,
            "values": []
          },
          "yaxes": [
            {
              "format": "short",
              "label": null,
              "logBase": 1,
              "max": null,
              "min": 0,
              "show": true
            },
            {
              "format": "short",
              "label": null,
              "logBase": 1,
              "max": null,
              "min": null,
              "show": false
            }
          ]
        },
        {
          "aliasColors": {},
          "bars": false,
          "dashLength": 10,
          "dashes": false,
          "datasource": "GEM system monitoring",
          "fill": 1,
          "id": 23,
          "legend": {
            "avg": false,
            "current": false,
            "max": false,
            "min": false,
            "show": true,
            "total": false,
            "values": false
          },
          "lines": true,
          "linewidth": 1,
          "links": [],
          "nullPointMode": "null as zero",
          "percentage": false,
          "pointradius": 5,
          "points": false,
          "renderer": "flot",
          "seriesOverrides": [],
          "spaceLength": 10,
          "span": 4,
          "stack": false,
          "steppedLine": false,
          "targets": [
            {
              "expr": "rate(cortex_prometheus_rule_group_duration_seconds_sum{target=~\"(.*,)?(ruler|all)(,.*)?\"}[$__rate_interval])\n  /\nrate(cortex_prometheus_rule_group_duration_seconds_count{target=~\"(.*,)?(ruler|all)(,.*)?\"}[$__rate_interval])\n",
              "format": "time_series",
              "intervalFactor": 2,
              "legendFormat": "{{ user }}",
              "legendLink": null,
              "step": 10
            }
          ],
          "thresholds": [],
          "timeFrom": null,
          "timeShift": null,
          "title": "Latency",
          "tooltip": {
            "shared": false,
            "sort": 0,
            "value_type": "individual"
          },
          "type": "timeseries",
          "options": {},
          "xaxis": {
            "buckets": null,
            "mode": "time",
            "name": null,
            "show": true,
            "values": []
          },
          "yaxes": [
            {
              "format": "s",
              "label": null,
              "logBase": 1,
              "max": null,
              "min": 0,
              "show": true
            },
            {
              "format": "short",
              "label": null,
              "logBase": 1,
              "max": null,
              "min": null,
              "show": false
            }
          ]
        },
        {
          "aliasColors": {},
          "bars": false,
          "dashLength": 10,
          "dashes": false,
          "datasource": "GEM system monitoring",
          "fill": 1,
          "id": 24,
          "legend": {
            "avg": false,
            "current": false,
            "max": false,
            "min": false,
            "show": true,
            "total": false,
            "values": false
          },
          "lines": true,
          "linewidth": 1,
          "links": [],
          "nullPointMode": "null as zero",
          "percentage": false,
          "pointradius": 5,
          "points": false,
          "renderer": "flot",
          "seriesOverrides": [],
          "spaceLength": 10,
          "span": 4,
          "stack": false,
          "steppedLine": false,
          "targets": [
            {
              "expr": "sum by(rule_group) (rate(cortex_prometheus_rule_evaluation_failures_total{target=~\"(.*,)?(ruler|all)(,.*)?\"}[$__rate_interval])) > 0",
              "format": "time_series",
              "intervalFactor": 2,
              "legendFormat": "{{ rule_group }}",
              "legendLink": null,
              "step": 10
            }
          ],
          "thresholds": [],
          "timeFrom": null,
          "timeShift": null,
          "title": "Failures",
          "tooltip": {
            "shared": false,
            "sort": 0,
            "value_type": "individual"
          },
          "type": "timeseries",
          "options": {},
          "xaxis": {
            "buckets": null,
            "mode": "time",
            "name": null,
            "show": true,
            "values": []
          },
          "yaxes": [
            {
              "format": "short",
              "label": null,
              "logBase": 1,
              "max": null,
              "min": 0,
              "show": true
            },
            {
              "format": "short",
              "label": null,
              "logBase": 1,
              "max": null,
              "min": null,
              "show": false
            }
          ]
        }
      ],
      "repeat": null,
      "repeatIteration": null,
      "repeatRowId": null,
      "showTitle": true,
      "title": "Group evaluations",
      "titleSize": "h6"
    },
    {
      "collapse": true,
      "height": "250px",
      "panels": [
        {
          "aliasColors": {},
          "bars": false,
          "dashLength": 10,
          "dashes": false,
          "datasource": "GEM system monitoring",
          "fill": 1,
          "id": 25,
          "legend": {
            "avg": false,
            "current": false,
            "max": false,
            "min": false,
            "show": true,
            "total": false,
            "values": false
          },
          "lines": true,
          "linewidth": 1,
          "links": [],
          "nullPointMode": "null as zero",
          "percentage": false,
          "pointradius": 5,
          "points": false,
          "renderer": "flot",
          "seriesOverrides": [],
          "spaceLength": 10,
          "span": 12,
          "stack": false,
          "steppedLine": false,
          "targets": [
            {
              "expr": "sum by(user) (rate(cortex_prometheus_rule_evaluation_duration_seconds_sum{target=~\"(.*,)?(ruler|all)(,.*)?\"}[$__rate_interval]))\n  /\nsum by(user) (rate(cortex_prometheus_rule_evaluation_duration_seconds_count{target=~\"(.*,)?(ruler|all)(,.*)?\"}[$__rate_interval]))\n",
              "format": "time_series",
              "intervalFactor": 2,
              "legendFormat": "{{ user }}",
              "legendLink": null,
              "step": 10
            }
          ],
          "thresholds": [],
          "timeFrom": null,
          "timeShift": null,
          "title": "Latency",
          "tooltip": {
            "shared": false,
            "sort": 0,
            "value_type": "individual"
          },
          "type": "timeseries",
          "options": {},
          "xaxis": {
            "buckets": null,
            "mode": "time",
            "name": null,
            "show": true,
            "values": []
          },
          "yaxes": [
            {
              "format": "s",
              "label": null,
              "logBase": 1,
              "max": null,
              "min": 0,
              "show": true
            },
            {
              "format": "short",
              "label": null,
              "logBase": 1,
              "max": null,
              "min": null,
              "show": false
            }
          ]
        }
      ],
      "repeat": null,
      "repeatIteration": null,
      "repeatRowId": null,
      "showTitle": true,
      "title": "Rule evaluation per user",
      "titleSize": "h6"
    },
    {
      "collapse": false,
      "height": "250px",
      "panels": [
        {
          "aliasColors": {},
          "bars": false,
          "dashLength": 10,
          "dashes": false,
          "datasource": "GEM system monitoring",
          "fill": 10,
          "id": 26,
          "legend": {
            "avg": false,
            "current": false,
            "max": false,
            "min": false,
            "show": true,
            "total": false,
            "values": false
          },
          "lines": true,
          "linewidth": 0,
          "links": [],
          "nullPointMode": "null as zero",
          "percentage": false,
          "pointradius": 5,
          "points": false,
          "renderer": "flot",
          "seriesOverrides": [],
          "spaceLength": 10,
          "span": 4,
          "stack": true,
          "steppedLine": false,
          "targets": [
            {
              "expr": "sum by(operation) (rate(thanos_objstore_bucket_operations_total{_=\"\",component=\"ruler-storage\"}[$__rate_interval]))",
              "format": "time_series",
              "intervalFactor": 2,
              "legendFormat": "{{operation}}",
              "legendLink": null,
              "step": 10
            }
          ],
          "thresholds": [],
          "timeFrom": null,
          "timeShift": null,
          "title": "Operations / sec",
          "tooltip": {
            "shared": false,
            "sort": 0,
            "value_type": "individual"
          },
          "type": "timeseries",
          "options": {},
          "xaxis": {
            "buckets": null,
            "mode": "time",
            "name": null,
            "show": true,
            "values": []
          },
          "yaxes": [
            {
              "format": "reqps",
              "label": null,
              "logBase": 1,
              "max": null,
              "min": 0,
              "show": true
            },
            {
              "format": "short",
              "label": null,
              "logBase": 1,
              "max": null,
              "min": null,
              "show": false
            }
          ]
        },
        {
          "aliasColors": {},
          "bars": false,
          "dashLength": 10,
          "dashes": false,
          "datasource": "GEM system monitoring",
          "fill": 1,
          "id": 27,
          "legend": {
            "avg": false,
            "current": false,
            "max": false,
            "min": false,
            "show": true,
            "total": false,
            "values": false
          },
          "lines": true,
          "linewidth": 1,
          "links": [],
          "nullPointMode": "null as zero",
          "percentage": false,
          "pointradius": 5,
          "points": false,
          "renderer": "flot",
          "seriesOverrides": [],
          "spaceLength": 10,
          "span": 4,
          "stack": false,
          "steppedLine": false,
          "targets": [
            {
              "expr": "sum by(operation) (rate(thanos_objstore_bucket_operation_failures_total{_=\"\",component=\"ruler-storage\"}[$__rate_interval])) / sum by(operation) (rate(thanos_objstore_bucket_operations_total{_=\"\",component=\"ruler-storage\"}[$__rate_interval]))",
              "format": "time_series",
              "intervalFactor": 2,
              "legendFormat": "{{operation}}",
              "legendLink": null,
              "step": 10
            }
          ],
          "thresholds": [],
          "timeFrom": null,
          "timeShift": null,
          "title": "Error rate",
          "tooltip": {
            "shared": false,
            "sort": 0,
            "value_type": "individual"
          },
          "type": "timeseries",
          "options": {},
          "xaxis": {
            "buckets": null,
            "mode": "time",
            "name": null,
            "show": true,
            "values": []
          },
          "yaxes": [
            {
              "format": "percentunit",
              "label": null,
              "logBase": 1,
              "max": null,
              "min": 0,
              "show": true
            },
            {
              "format": "short",
              "label": null,
              "logBase": 1,
              "max": null,
              "min": null,
              "show": false
            }
          ]
        },
        {
          "aliasColors": {},
          "bars": false,
          "dashLength": 10,
          "dashes": false,
          "datasource": "GEM system monitoring",
          "fill": 1,
          "id": 28,
          "legend": {
            "avg": false,
            "current": false,
            "max": false,
            "min": false,
            "show": true,
            "total": false,
            "values": false
          },
          "lines": true,
          "linewidth": 1,
          "links": [],
          "nullPointMode": "null as zero",
          "percentage": false,
          "pointradius": 5,
          "points": false,
          "renderer": "flot",
          "seriesOverrides": [],
          "spaceLength": 10,
          "span": 4,
          "stack": false,
          "steppedLine": false,
          "targets": [
            {
              "expr": "sum(cortex_bucket_stores_gate_queries_in_flight{_=\"\", component=\"ruler-storage\"})",
              "format": "time_series",
              "intervalFactor": 2,
              "legendFormat": "Total",
              "legendLink": null,
              "step": 10
            }
          ],
          "thresholds": [],
          "timeFrom": null,
          "timeShift": null,
          "title": "Inflight requests",
          "tooltip": {
            "shared": false,
            "sort": 0,
            "value_type": "individual"
          },
          "type": "timeseries",
          "options": {},
          "xaxis": {
            "buckets": null,
            "mode": "time",
            "name": null,
            "show": true,
            "values": []
          },
          "yaxes": [
            {
              "format": "short",
              "label": null,
              "logBase": 1,
              "max": null,
              "min": 0,
              "show": true
            },
            {
              "format": "short",
              "label": null,
              "logBase": 1,
              "max": null,
              "min": null,
              "show": false
            }
          ]
        }
      ],
      "repeat": null,
      "repeatIteration": null,
      "repeatRowId": null,
      "showTitle": true,
      "title": "Ruler configuration object store (ruler accesses)",
      "titleSize": "h6"
    },
    {
      "collapse": false,
      "height": "250px",
      "panels": [
        {
          "aliasColors": {},
          "bars": false,
          "dashLength": 10,
          "dashes": false,
          "datasource": "GEM system monitoring",
          "fill": 1,
          "id": 29,
          "legend": {
            "avg": false,
            "current": false,
            "max": false,
            "min": false,
            "show": true,
            "total": false,
            "values": false
          },
          "lines": true,
          "linewidth": 1,
          "links": [],
          "nullPointMode": "null as zero",
          "percentage": false,
          "pointradius": 5,
          "points": false,
          "renderer": "flot",
          "seriesOverrides": [],
          "spaceLength": 10,
          "span": 4,
          "stack": false,
          "steppedLine": false,
          "targets": [
            {
              "expr": "histogram_quantile(0.99, sum(rate(thanos_objstore_bucket_operation_duration_seconds_bucket{_=\"\",component=\"ruler-storage\",operation=\"attributes\"}[$__rate_interval])) by (le)) * 1e3",
              "format": "time_series",
              "intervalFactor": 2,
              "legendFormat": "99th Percentile",
              "refId": "A",
              "step": 10
            },
            {
              "expr": "histogram_quantile(0.50, sum(rate(thanos_objstore_bucket_operation_duration_seconds_bucket{_=\"\",component=\"ruler-storage\",operation=\"attributes\"}[$__rate_interval])) by (le)) * 1e3",
              "format": "time_series",
              "intervalFactor": 2,
              "legendFormat": "50th Percentile",
              "refId": "B",
              "step": 10
            },
            {
              "expr": "sum(rate(thanos_objstore_bucket_operation_duration_seconds_sum{_=\"\",component=\"ruler-storage\",operation=\"attributes\"}[$__rate_interval])) * 1e3 / sum(rate(thanos_objstore_bucket_operation_duration_seconds_count{_=\"\",component=\"ruler-storage\",operation=\"attributes\"}[$__rate_interval]))",
              "format": "time_series",
              "intervalFactor": 2,
              "legendFormat": "Average",
              "refId": "C",
              "step": 10
            }
          ],
          "thresholds": [],
          "timeFrom": null,
          "timeShift": null,
          "title": "Latency of op: Attributes",
          "tooltip": {
            "shared": false,
            "sort": 0,
            "value_type": "individual"
          },
          "type": "timeseries",
          "options": {},
          "xaxis": {
            "buckets": null,
            "mode": "time",
            "name": null,
            "show": true,
            "values": []
          },
          "yaxes": [
            {
              "format": "ms",
              "label": null,
              "logBase": 1,
              "max": null,
              "min": 0,
              "show": true
            },
            {
              "format": "short",
              "label": null,
              "logBase": 1,
              "max": null,
              "min": null,
              "show": false
            }
          ]
        },
        {
          "aliasColors": {},
          "bars": false,
          "dashLength": 10,
          "dashes": false,
          "datasource": "GEM system monitoring",
          "fill": 1,
          "id": 30,
          "legend": {
            "avg": false,
            "current": false,
            "max": false,
            "min": false,
            "show": true,
            "total": false,
            "values": false
          },
          "lines": true,
          "linewidth": 1,
          "links": [],
          "nullPointMode": "null as zero",
          "percentage": false,
          "pointradius": 5,
          "points": false,
          "renderer": "flot",
          "seriesOverrides": [],
          "spaceLength": 10,
          "span": 4,
          "stack": false,
          "steppedLine": false,
          "targets": [
            {
              "expr": "histogram_quantile(0.99, sum(rate(thanos_objstore_bucket_operation_duration_seconds_bucket{_=\"\",component=\"ruler-storage\",operation=\"exists\"}[$__rate_interval])) by (le)) * 1e3",
              "format": "time_series",
              "intervalFactor": 2,
              "legendFormat": "99th Percentile",
              "refId": "A",
              "step": 10
            },
            {
              "expr": "histogram_quantile(0.50, sum(rate(thanos_objstore_bucket_operation_duration_seconds_bucket{_=\"\",component=\"ruler-storage\",operation=\"exists\"}[$__rate_interval])) by (le)) * 1e3",
              "format": "time_series",
              "intervalFactor": 2,
              "legendFormat": "50th Percentile",
              "refId": "B",
              "step": 10
            },
            {
              "expr": "sum(rate(thanos_objstore_bucket_operation_duration_seconds_sum{_=\"\",component=\"ruler-storage\",operation=\"exists\"}[$__rate_interval])) * 1e3 / sum(rate(thanos_objstore_bucket_operation_duration_seconds_count{_=\"\",component=\"ruler-storage\",operation=\"exists\"}[$__rate_interval]))",
              "format": "time_series",
              "intervalFactor": 2,
              "legendFormat": "Average",
              "refId": "C",
              "step": 10
            }
          ],
          "thresholds": [],
          "timeFrom": null,
          "timeShift": null,
          "title": "Latency of op: Exists",
          "tooltip": {
            "shared": false,
            "sort": 0,
            "value_type": "individual"
          },
          "type": "timeseries",
          "options": {},
          "xaxis": {
            "buckets": null,
            "mode": "time",
            "name": null,
            "show": true,
            "values": []
          },
          "yaxes": [
            {
              "format": "ms",
              "label": null,
              "logBase": 1,
              "max": null,
              "min": 0,
              "show": true
            },
            {
              "format": "short",
              "label": null,
              "logBase": 1,
              "max": null,
              "min": null,
              "show": false
            }
          ]
        },
        {
          "aliasColors": {},
          "bars": false,
          "dashLength": 10,
          "dashes": false,
          "datasource": "GEM system monitoring",
          "fill": 1,
          "id": 31,
          "legend": {
            "avg": false,
            "current": false,
            "max": false,
            "min": false,
            "show": true,
            "total": false,
            "values": false
          },
          "lines": true,
          "linewidth": 1,
          "links": [],
          "nullPointMode": "null as zero",
          "percentage": false,
          "pointradius": 5,
          "points": false,
          "renderer": "flot",
          "seriesOverrides": [],
          "spaceLength": 10,
          "span": 4,
          "stack": false,
          "steppedLine": false,
          "targets": [
            {
              "expr": "histogram_quantile(0.99, sum(rate(thanos_objstore_bucket_operation_duration_seconds_bucket{_=\"\",component=\"ruler-storage\",operation=\"get\"}[$__rate_interval])) by (le)) * 1e3",
              "format": "time_series",
              "intervalFactor": 2,
              "legendFormat": "99th Percentile",
              "refId": "A",
              "step": 10
            },
            {
              "expr": "histogram_quantile(0.50, sum(rate(thanos_objstore_bucket_operation_duration_seconds_bucket{_=\"\",component=\"ruler-storage\",operation=\"get\"}[$__rate_interval])) by (le)) * 1e3",
              "format": "time_series",
              "intervalFactor": 2,
              "legendFormat": "50th Percentile",
              "refId": "B",
              "step": 10
            },
            {
              "expr": "sum(rate(thanos_objstore_bucket_operation_duration_seconds_sum{_=\"\",component=\"ruler-storage\",operation=\"get\"}[$__rate_interval])) * 1e3 / sum(rate(thanos_objstore_bucket_operation_duration_seconds_count{_=\"\",component=\"ruler-storage\",operation=\"get\"}[$__rate_interval]))",
              "format": "time_series",
              "intervalFactor": 2,
              "legendFormat": "Average",
              "refId": "C",
              "step": 10
            }
          ],
          "thresholds": [],
          "timeFrom": null,
          "timeShift": null,
          "title": "Latency of op: Get",
          "tooltip": {
            "shared": false,
            "sort": 0,
            "value_type": "individual"
          },
          "type": "timeseries",
          "options": {},
          "xaxis": {
            "buckets": null,
            "mode": "time",
            "name": null,
            "show": true,
            "values": []
          },
          "yaxes": [
            {
              "format": "ms",
              "label": null,
              "logBase": 1,
              "max": null,
              "min": 0,
              "show": true
            },
            {
              "format": "short",
              "label": null,
              "logBase": 1,
              "max": null,
              "min": null,
              "show": false
            }
          ]
        }
      ],
      "repeat": null,
      "repeatIteration": null,
      "repeatRowId": null,
      "showTitle": true,
      "title": "",
      "titleSize": "h6"
    },
    {
      "collapse": false,
      "height": "250px",
      "panels": [
        {
          "aliasColors": {},
          "bars": false,
          "dashLength": 10,
          "dashes": false,
          "datasource": "GEM system monitoring",
          "fill": 1,
          "id": 32,
          "legend": {
            "avg": false,
            "current": false,
            "max": false,
            "min": false,
            "show": true,
            "total": false,
            "values": false
          },
          "lines": true,
          "linewidth": 1,
          "links": [],
          "nullPointMode": "null as zero",
          "percentage": false,
          "pointradius": 5,
          "points": false,
          "renderer": "flot",
          "seriesOverrides": [],
          "spaceLength": 10,
          "span": 4,
          "stack": false,
          "steppedLine": false,
          "targets": [
            {
              "expr": "histogram_quantile(0.99, sum(rate(thanos_objstore_bucket_operation_duration_seconds_bucket{_=\"\",component=\"ruler-storage\",operation=\"get_range\"}[$__rate_interval])) by (le)) * 1e3",
              "format": "time_series",
              "intervalFactor": 2,
              "legendFormat": "99th Percentile",
              "refId": "A",
              "step": 10
            },
            {
              "expr": "histogram_quantile(0.50, sum(rate(thanos_objstore_bucket_operation_duration_seconds_bucket{_=\"\",component=\"ruler-storage\",operation=\"get_range\"}[$__rate_interval])) by (le)) * 1e3",
              "format": "time_series",
              "intervalFactor": 2,
              "legendFormat": "50th Percentile",
              "refId": "B",
              "step": 10
            },
            {
              "expr": "sum(rate(thanos_objstore_bucket_operation_duration_seconds_sum{_=\"\",component=\"ruler-storage\",operation=\"get_range\"}[$__rate_interval])) * 1e3 / sum(rate(thanos_objstore_bucket_operation_duration_seconds_count{_=\"\",component=\"ruler-storage\",operation=\"get_range\"}[$__rate_interval]))",
              "format": "time_series",
              "intervalFactor": 2,
              "legendFormat": "Average",
              "refId": "C",
              "step": 10
            }
          ],
          "thresholds": [],
          "timeFrom": null,
          "timeShift": null,
          "title": "Latency of op: GetRange",
          "tooltip": {
            "shared": false,
            "sort": 0,
            "value_type": "individual"
          },
          "type": "timeseries",
          "options": {},
          "xaxis": {
            "buckets": null,
            "mode": "time",
            "name": null,
            "show": true,
            "values": []
          },
          "yaxes": [
            {
              "format": "ms",
              "label": null,
              "logBase": 1,
              "max": null,
              "min": 0,
              "show": true
            },
            {
              "format": "short",
              "label": null,
              "logBase": 1,
              "max": null,
              "min": null,
              "show": false
            }
          ]
        },
        {
          "aliasColors": {},
          "bars": false,
          "dashLength": 10,
          "dashes": false,
          "datasource": "GEM system monitoring",
          "fill": 1,
          "id": 33,
          "legend": {
            "avg": false,
            "current": false,
            "max": false,
            "min": false,
            "show": true,
            "total": false,
            "values": false
          },
          "lines": true,
          "linewidth": 1,
          "links": [],
          "nullPointMode": "null as zero",
          "percentage": false,
          "pointradius": 5,
          "points": false,
          "renderer": "flot",
          "seriesOverrides": [],
          "spaceLength": 10,
          "span": 4,
          "stack": false,
          "steppedLine": false,
          "targets": [
            {
              "expr": "histogram_quantile(0.99, sum(rate(thanos_objstore_bucket_operation_duration_seconds_bucket{_=\"\",component=\"ruler-storage\",operation=\"upload\"}[$__rate_interval])) by (le)) * 1e3",
              "format": "time_series",
              "intervalFactor": 2,
              "legendFormat": "99th Percentile",
              "refId": "A",
              "step": 10
            },
            {
              "expr": "histogram_quantile(0.50, sum(rate(thanos_objstore_bucket_operation_duration_seconds_bucket{_=\"\",component=\"ruler-storage\",operation=\"upload\"}[$__rate_interval])) by (le)) * 1e3",
              "format": "time_series",
              "intervalFactor": 2,
              "legendFormat": "50th Percentile",
              "refId": "B",
              "step": 10
            },
            {
              "expr": "sum(rate(thanos_objstore_bucket_operation_duration_seconds_sum{_=\"\",component=\"ruler-storage\",operation=\"upload\"}[$__rate_interval])) * 1e3 / sum(rate(thanos_objstore_bucket_operation_duration_seconds_count{_=\"\",component=\"ruler-storage\",operation=\"upload\"}[$__rate_interval]))",
              "format": "time_series",
              "intervalFactor": 2,
              "legendFormat": "Average",
              "refId": "C",
              "step": 10
            }
          ],
          "thresholds": [],
          "timeFrom": null,
          "timeShift": null,
          "title": "Latency of op: Upload",
          "tooltip": {
            "shared": false,
            "sort": 0,
            "value_type": "individual"
          },
          "type": "timeseries",
          "options": {},
          "xaxis": {
            "buckets": null,
            "mode": "time",
            "name": null,
            "show": true,
            "values": []
          },
          "yaxes": [
            {
              "format": "ms",
              "label": null,
              "logBase": 1,
              "max": null,
              "min": 0,
              "show": true
            },
            {
              "format": "short",
              "label": null,
              "logBase": 1,
              "max": null,
              "min": null,
              "show": false
            }
          ]
        },
        {
          "aliasColors": {},
          "bars": false,
          "dashLength": 10,
          "dashes": false,
          "datasource": "GEM system monitoring",
          "fill": 1,
          "id": 34,
          "legend": {
            "avg": false,
            "current": false,
            "max": false,
            "min": false,
            "show": true,
            "total": false,
            "values": false
          },
          "lines": true,
          "linewidth": 1,
          "links": [],
          "nullPointMode": "null as zero",
          "percentage": false,
          "pointradius": 5,
          "points": false,
          "renderer": "flot",
          "seriesOverrides": [],
          "spaceLength": 10,
          "span": 4,
          "stack": false,
          "steppedLine": false,
          "targets": [
            {
              "expr": "histogram_quantile(0.99, sum(rate(thanos_objstore_bucket_operation_duration_seconds_bucket{_=\"\",component=\"ruler-storage\",operation=\"delete\"}[$__rate_interval])) by (le)) * 1e3",
              "format": "time_series",
              "intervalFactor": 2,
              "legendFormat": "99th Percentile",
              "refId": "A",
              "step": 10
            },
            {
              "expr": "histogram_quantile(0.50, sum(rate(thanos_objstore_bucket_operation_duration_seconds_bucket{_=\"\",component=\"ruler-storage\",operation=\"delete\"}[$__rate_interval])) by (le)) * 1e3",
              "format": "time_series",
              "intervalFactor": 2,
              "legendFormat": "50th Percentile",
              "refId": "B",
              "step": 10
            },
            {
              "expr": "sum(rate(thanos_objstore_bucket_operation_duration_seconds_sum{_=\"\",component=\"ruler-storage\",operation=\"delete\"}[$__rate_interval])) * 1e3 / sum(rate(thanos_objstore_bucket_operation_duration_seconds_count{_=\"\",component=\"ruler-storage\",operation=\"delete\"}[$__rate_interval]))",
              "format": "time_series",
              "intervalFactor": 2,
              "legendFormat": "Average",
              "refId": "C",
              "step": 10
            }
          ],
          "thresholds": [],
          "timeFrom": null,
          "timeShift": null,
          "title": "Latency of op: Delete",
          "tooltip": {
            "shared": false,
            "sort": 0,
            "value_type": "individual"
          },
          "type": "timeseries",
          "options": {},
          "xaxis": {
            "buckets": null,
            "mode": "time",
            "name": null,
            "show": true,
            "values": []
          },
          "yaxes": [
            {
              "format": "ms",
              "label": null,
              "logBase": 1,
              "max": null,
              "min": 0,
              "show": true
            },
            {
              "format": "short",
              "label": null,
              "logBase": 1,
              "max": null,
              "min": null,
              "show": false
            }
          ]
        }
      ],
      "repeat": null,
      "repeatIteration": null,
      "repeatRowId": null,
      "showTitle": true,
      "title": "",
      "titleSize": "h6"
    }
  ],
  "schemaVersion": 14,
  "style": "dark",
  "tags": ["GEM", "self-monitoring"],
  "templating": {
    "list": []
  },
  "time": {
    "from": "now-1h",
    "to": "now"
  },
  "timepicker": {
    "refresh_intervals": ["5s", "10s", "30s", "1m", "5m", "15m", "30m", "1h", "2h", "1d"],
    "time_options": ["5m", "15m", "1h", "6h", "12h", "24h", "2d", "7d", "30d"]
  },
  "timezone": "utc",
  "title": "Ruler",
  "uid": "gem---ruler",
  "version": 0
}
